sample_id,raw_path,ground_truth,prediction,confidence,correct
IMG_6289,./test/skeleton_final_v2/ok/IMG_6289.npy,ok,ok,0.9809725284576416,True
IMG_6290,./test/skeleton_final_v2/ok/IMG_6290.npy,ok,paper,0.5226470232009888,False
IMG_6292,./test/skeleton_final_v2/ok/IMG_6292.npy,ok,ok,0.998976469039917,True
IMG_6327,./test/skeleton_final_v2/ok/IMG_6327.npy,ok,ok,0.9915607571601868,True
IMG_6329,./test/skeleton_final_v2/ok/IMG_6329.npy,ok,ok,0.9991973042488098,True
IMG_6362,./test/skeleton_final_v2/ok/IMG_6362.npy,ok,ok,0.9997918009757996,True
IMG_6363,./test/skeleton_final_v2/ok/IMG_6363.npy,ok,ok,0.9955762624740601,True
IMG_6396,./test/skeleton_final_v2/ok/IMG_6396.npy,ok,ok,0.9953814744949341,True
IMG_6434,./test/skeleton_final_v2/ok/IMG_6434.npy,ok,ok,0.9937811493873596,True
IMG_6437,./test/skeleton_final_v2/ok/IMG_6437.npy,ok,ok,0.9914490580558777,True
IMG_6472,./test/skeleton_final_v2/ok/IMG_6472.npy,ok,ok,0.9997538924217224,True
IMG_6474,./test/skeleton_final_v2/ok/IMG_6474.npy,ok,ok,0.927665650844574,True
IMG_6512,./test/skeleton_final_v2/ok/IMG_6512.npy,ok,ok,0.9515054225921631,True
IMG_6554,./test/skeleton_final_v2/ok/IMG_6554.npy,ok,the-finger,0.910528302192688,False
IMG_6555,./test/skeleton_final_v2/ok/IMG_6555.npy,ok,ok,0.9993959665298462,True
IMG_6591,./test/skeleton_final_v2/ok/IMG_6591.npy,ok,paper,0.7676403522491455,False
IMG_6623,./test/skeleton_final_v2/ok/IMG_6623.npy,ok,ok,0.5175827741622925,True
IMG_6624,./test/skeleton_final_v2/ok/IMG_6624.npy,ok,ok,0.9967946410179138,True
IMG_6712,./test/skeleton_final_v2/ok/IMG_6712.npy,ok,ok,0.9987735152244568,True
IMG_6714,./test/skeleton_final_v2/ok/IMG_6714.npy,ok,ok,0.9985654950141907,True
IMG_6738,./test/skeleton_final_v2/ok/IMG_6738.npy,ok,ok,0.9901884198188782,True
IMG_6803,./test/skeleton_final_v2/ok/IMG_6803.npy,ok,ok,0.9522933959960938,True
IMG_6805,./test/skeleton_final_v2/ok/IMG_6805.npy,ok,ok,0.957411527633667,True
IMG_6834,./test/skeleton_final_v2/ok/IMG_6834.npy,ok,ok,0.9992233514785767,True
IMG_6835,./test/skeleton_final_v2/ok/IMG_6835.npy,ok,ok,0.9996203184127808,True
IMG_6937,./test/skeleton_final_v2/ok/IMG_6937.npy,ok,ok,0.9988112449645996,True
IMG_6938,./test/skeleton_final_v2/ok/IMG_6938.npy,ok,ok,0.99665367603302,True
IMG_6967,./test/skeleton_final_v2/ok/IMG_6967.npy,ok,ok,0.8718473315238953,True
IMG_6968,./test/skeleton_final_v2/ok/IMG_6968.npy,ok,ok,0.8952186703681946,True
IMG_6969,./test/skeleton_final_v2/ok/IMG_6969.npy,ok,ok,0.9847056269645691,True
IMG_6970,./test/skeleton_final_v2/ok/IMG_6970.npy,ok,ok,0.5305802226066589,True
IMG_7001,./test/skeleton_final_v2/ok/IMG_7001.npy,ok,ok,0.9996837377548218,True
IMG_7036,./test/skeleton_final_v2/ok/IMG_7036.npy,ok,ok,0.999725878238678,True
IMG_7037,./test/skeleton_final_v2/ok/IMG_7037.npy,ok,ok,0.9785248637199402,True
IMG_7038,./test/skeleton_final_v2/ok/IMG_7038.npy,ok,ok,0.9968383312225342,True
IMG_7070,./test/skeleton_final_v2/ok/IMG_7070.npy,ok,ok,0.8778894543647766,True
IMG_7072,./test/skeleton_final_v2/ok/IMG_7072.npy,ok,the-finger,0.9420188069343567,False
IMG_7073,./test/skeleton_final_v2/ok/IMG_7073.npy,ok,ok,0.9983863830566406,True
IMG_7227,./test/skeleton_final_v2/ok/IMG_7227.npy,ok,ok,0.9926338791847229,True
IMG_7228,./test/skeleton_final_v2/ok/IMG_7228.npy,ok,ok,0.9844779968261719,True
IMG_7258,./test/skeleton_final_v2/ok/IMG_7258.npy,ok,ok,0.9986724853515625,True
IMG_7259,./test/skeleton_final_v2/ok/IMG_7259.npy,ok,ok,0.9957627654075623,True
IMG_7260,./test/skeleton_final_v2/ok/IMG_7260.npy,ok,ok,0.9990735054016113,True
IMG_7288,./test/skeleton_final_v2/ok/IMG_7288.npy,ok,ok,0.9994370341300964,True
IMG_7290,./test/skeleton_final_v2/ok/IMG_7290.npy,ok,ok,0.9971342086791992,True
IMG_7291,./test/skeleton_final_v2/ok/IMG_7291.npy,ok,ok,0.9956486821174622,True
IMG_7322,./test/skeleton_final_v2/ok/IMG_7322.npy,ok,ok,0.999026894569397,True
IMG_7323,./test/skeleton_final_v2/ok/IMG_7323.npy,ok,ok,0.9977426528930664,True
IMG_7351,./test/skeleton_final_v2/ok/IMG_7351.npy,ok,ok,0.9993101358413696,True
IMG_7352,./test/skeleton_final_v2/ok/IMG_7352.npy,ok,ok,0.9439254403114319,True
IMG_7354,./test/skeleton_final_v2/ok/IMG_7354.npy,ok,scissors,0.555515706539154,False
IMG_7355,./test/skeleton_final_v2/ok/IMG_7355.npy,ok,ok,0.9726753234863281,True
IMG_7391,./test/skeleton_final_v2/ok/IMG_7391.npy,ok,ok,0.9996945858001709,True
IMG_7394,./test/skeleton_final_v2/ok/IMG_7394.npy,ok,ok,0.9996942281723022,True
IMG_7416,./test/skeleton_final_v2/ok/IMG_7416.npy,ok,ok,0.9808955788612366,True
IMG_7418,./test/skeleton_final_v2/ok/IMG_7418.npy,ok,ok,0.9998966455459595,True
IMG_7448,./test/skeleton_final_v2/ok/IMG_7448.npy,ok,ok,0.9986176490783691,True
IMG_7484,./test/skeleton_final_v2/ok/IMG_7484.npy,ok,ok,0.9994174242019653,True
IMG_7529,./test/skeleton_final_v2/ok/IMG_7529.npy,ok,ok,0.9984270334243774,True
IMG_7550,./test/skeleton_final_v2/ok/IMG_7550.npy,ok,ok,0.9990113973617554,True
IMG_7581,./test/skeleton_final_v2/ok/IMG_7581.npy,ok,ok,0.5180514454841614,True
IMG_7582,./test/skeleton_final_v2/ok/IMG_7582.npy,ok,ok,0.9996106028556824,True
IMG_7583,./test/skeleton_final_v2/ok/IMG_7583.npy,ok,ok,0.9987555742263794,True
IMG_7584,./test/skeleton_final_v2/ok/IMG_7584.npy,ok,ok,0.999790370464325,True
IMG_7585,./test/skeleton_final_v2/ok/IMG_7585.npy,ok,ok,0.9714487791061401,True
IMG_7613,./test/skeleton_final_v2/ok/IMG_7613.npy,ok,ok,0.9993351101875305,True
IMG_7614,./test/skeleton_final_v2/ok/IMG_7614.npy,ok,the-finger,0.9222344756126404,False
IMG_7616,./test/skeleton_final_v2/ok/IMG_7616.npy,ok,ok,0.9992615580558777,True
IMG_7617,./test/skeleton_final_v2/ok/IMG_7617.npy,ok,ok,0.9984182119369507,True
IMG_7618,./test/skeleton_final_v2/ok/IMG_7618.npy,ok,ok,0.9971599578857422,True
IMG_7655,./test/skeleton_final_v2/ok/IMG_7655.npy,ok,ok,0.9994909763336182,True
IMG_7656,./test/skeleton_final_v2/ok/IMG_7656.npy,ok,ok,0.9743866920471191,True
IMG_7657,./test/skeleton_final_v2/ok/IMG_7657.npy,ok,paper,0.8066412806510925,False
IMG_7660,./test/skeleton_final_v2/ok/IMG_7660.npy,ok,ok,0.5602464079856873,True
IMG_7690,./test/skeleton_final_v2/ok/IMG_7690.npy,ok,ok,0.9991347193717957,True
IMG_7691,./test/skeleton_final_v2/ok/IMG_7691.npy,ok,ok,0.9977902173995972,True
IMG_7693,./test/skeleton_final_v2/ok/IMG_7693.npy,ok,ok,0.972625732421875,True
IMG_7722,./test/skeleton_final_v2/ok/IMG_7722.npy,ok,ok,0.9998394250869751,True
IMG_7723,./test/skeleton_final_v2/ok/IMG_7723.npy,ok,ok,0.9989954829216003,True
IMG_7753,./test/skeleton_final_v2/ok/IMG_7753.npy,ok,ok,0.9914755821228027,True
IMG_7756,./test/skeleton_final_v2/ok/IMG_7756.npy,ok,ok,0.9973524808883667,True
IMG_7782,./test/skeleton_final_v2/ok/IMG_7782.npy,ok,ok,0.9939126372337341,True
IMG_7783,./test/skeleton_final_v2/ok/IMG_7783.npy,ok,ok,0.9627088904380798,True
IMG_7786,./test/skeleton_final_v2/ok/IMG_7786.npy,ok,ok,0.9964398741722107,True
IMG_7854,./test/skeleton_final_v2/ok/IMG_7854.npy,ok,ok,0.9997296929359436,True
IMG_7887,./test/skeleton_final_v2/ok/IMG_7887.npy,ok,ok,0.9994903802871704,True
IMG_7888,./test/skeleton_final_v2/ok/IMG_7888.npy,ok,ok,0.8811319470405579,True
IMG_7890,./test/skeleton_final_v2/ok/IMG_7890.npy,ok,ok,0.9517087936401367,True
IMG_7891,./test/skeleton_final_v2/ok/IMG_7891.npy,ok,ok,0.9809381365776062,True
IMG_7922,./test/skeleton_final_v2/ok/IMG_7922.npy,ok,ok,0.9910968542098999,True
IMG_7948,./test/skeleton_final_v2/ok/IMG_7948.npy,ok,ok,0.9993465542793274,True
IMG_7950,./test/skeleton_final_v2/ok/IMG_7950.npy,ok,ok,0.9936375617980957,True
IMG_7951,./test/skeleton_final_v2/ok/IMG_7951.npy,ok,ok,0.9996028542518616,True
IMG_7980,./test/skeleton_final_v2/ok/IMG_7980.npy,ok,ok,0.9997124075889587,True
IMG_8014,./test/skeleton_final_v2/ok/IMG_8014.npy,ok,ok,0.9985041618347168,True
IMG_8046,./test/skeleton_final_v2/ok/IMG_8046.npy,ok,ok,0.9997311234474182,True
IMG_8047,./test/skeleton_final_v2/ok/IMG_8047.npy,ok,ok,0.9996939897537231,True
IMG_8049,./test/skeleton_final_v2/ok/IMG_8049.npy,ok,ok,0.9996302127838135,True
IMG_8087,./test/skeleton_final_v2/ok/IMG_8087.npy,ok,ok,0.997286319732666,True
IMG_8088,./test/skeleton_final_v2/ok/IMG_8088.npy,ok,ok,0.9993599057197571,True
IMG_8089,./test/skeleton_final_v2/ok/IMG_8089.npy,ok,scissors,0.6554427742958069,False
IMG_8091,./test/skeleton_final_v2/ok/IMG_8091.npy,ok,ok,0.6874758005142212,True
IMG_8109,./test/skeleton_final_v2/ok/IMG_8109.npy,ok,ok,0.9992635846138,True
IMG_8110,./test/skeleton_final_v2/ok/IMG_8110.npy,ok,ok,0.9983721375465393,True
IMG_8177,./test/skeleton_final_v2/ok/IMG_8177.npy,ok,the-finger,0.8490030765533447,False
IMG_8178,./test/skeleton_final_v2/ok/IMG_8178.npy,ok,ok,0.9968358874320984,True
IMG_6274,./test/skeleton_final_v2/paper/IMG_6274.npy,paper,paper,0.9956473708152771,True
IMG_6275,./test/skeleton_final_v2/paper/IMG_6275.npy,paper,paper,0.9827319979667664,True
IMG_6276,./test/skeleton_final_v2/paper/IMG_6276.npy,paper,paper,0.7599653601646423,True
IMG_6277,./test/skeleton_final_v2/paper/IMG_6277.npy,paper,paper,0.9930294156074524,True
IMG_6279,./test/skeleton_final_v2/paper/IMG_6279.npy,paper,ok,0.958651065826416,False
IMG_6280,./test/skeleton_final_v2/paper/IMG_6280.npy,paper,ok,0.9092434048652649,False
IMG_6323,./test/skeleton_final_v2/paper/IMG_6323.npy,paper,paper,0.9709200263023376,True
IMG_6324,./test/skeleton_final_v2/paper/IMG_6324.npy,paper,paper,0.9567842483520508,True
IMG_6325,./test/skeleton_final_v2/paper/IMG_6325.npy,paper,paper,0.9827306866645813,True
IMG_6326,./test/skeleton_final_v2/paper/IMG_6326.npy,paper,ok,0.5547096133232117,False
IMG_6355,./test/skeleton_final_v2/paper/IMG_6355.npy,paper,paper,0.896335244178772,True
IMG_6358,./test/skeleton_final_v2/paper/IMG_6358.npy,paper,paper,0.9772577881813049,True
IMG_6359,./test/skeleton_final_v2/paper/IMG_6359.npy,paper,ok,0.35721448063850403,False
IMG_6391,./test/skeleton_final_v2/paper/IMG_6391.npy,paper,paper,0.9783285856246948,True
IMG_6392,./test/skeleton_final_v2/paper/IMG_6392.npy,paper,paper,0.9866785407066345,True
IMG_6393,./test/skeleton_final_v2/paper/IMG_6393.npy,paper,paper,0.987380862236023,True
IMG_6395,./test/skeleton_final_v2/paper/IMG_6395.npy,paper,paper,0.8589611053466797,True
IMG_6427,./test/skeleton_final_v2/paper/IMG_6427.npy,paper,paper,0.9944638609886169,True
IMG_6429,./test/skeleton_final_v2/paper/IMG_6429.npy,paper,paper,0.9903427362442017,True
IMG_6430,./test/skeleton_final_v2/paper/IMG_6430.npy,paper,paper,0.9788097739219666,True
IMG_6431,./test/skeleton_final_v2/paper/IMG_6431.npy,paper,paper,0.9470062851905823,True
IMG_6467,./test/skeleton_final_v2/paper/IMG_6467.npy,paper,paper,0.9905823469161987,True
IMG_6468,./test/skeleton_final_v2/paper/IMG_6468.npy,paper,paper,0.9922491312026978,True
IMG_6469,./test/skeleton_final_v2/paper/IMG_6469.npy,paper,paper,0.9926572442054749,True
IMG_6504,./test/skeleton_final_v2/paper/IMG_6504.npy,paper,paper,0.9765961170196533,True
IMG_6505,./test/skeleton_final_v2/paper/IMG_6505.npy,paper,paper,0.6167990565299988,True
IMG_6508,./test/skeleton_final_v2/paper/IMG_6508.npy,paper,paper,0.6288959980010986,True
IMG_6546,./test/skeleton_final_v2/paper/IMG_6546.npy,paper,paper,0.872886061668396,True
IMG_6547,./test/skeleton_final_v2/paper/IMG_6547.npy,paper,paper,0.7400479912757874,True
IMG_6548,./test/skeleton_final_v2/paper/IMG_6548.npy,paper,paper,0.8697161674499512,True
IMG_6549,./test/skeleton_final_v2/paper/IMG_6549.npy,paper,paper,0.8977408409118652,True
IMG_6550,./test/skeleton_final_v2/paper/IMG_6550.npy,paper,paper,0.49685561656951904,True
IMG_6582,./test/skeleton_final_v2/paper/IMG_6582.npy,paper,paper,0.9713072776794434,True
IMG_6583,./test/skeleton_final_v2/paper/IMG_6583.npy,paper,paper,0.9515846371650696,True
IMG_6584,./test/skeleton_final_v2/paper/IMG_6584.npy,paper,paper,0.8968601226806641,True
IMG_6585,./test/skeleton_final_v2/paper/IMG_6585.npy,paper,paper,0.9552693367004395,True
IMG_6619,./test/skeleton_final_v2/paper/IMG_6619.npy,paper,paper,0.97129887342453,True
IMG_6622,./test/skeleton_final_v2/paper/IMG_6622.npy,paper,paper,0.8143189549446106,True
IMG_6653,./test/skeleton_final_v2/paper/IMG_6653.npy,paper,paper,0.840416431427002,True
IMG_6654,./test/skeleton_final_v2/paper/IMG_6654.npy,paper,ok,0.7198982238769531,False
IMG_6655,./test/skeleton_final_v2/paper/IMG_6655.npy,paper,ok,0.40058189630508423,False
IMG_6656,./test/skeleton_final_v2/paper/IMG_6656.npy,paper,paper,0.8225478529930115,True
IMG_6708,./test/skeleton_final_v2/paper/IMG_6708.npy,paper,paper,0.9918364882469177,True
IMG_6709,./test/skeleton_final_v2/paper/IMG_6709.npy,paper,paper,0.8841051459312439,True
IMG_6710,./test/skeleton_final_v2/paper/IMG_6710.npy,paper,paper,0.7902360558509827,True
IMG_6732,./test/skeleton_final_v2/paper/IMG_6732.npy,paper,paper,0.9056767225265503,True
IMG_6767,./test/skeleton_final_v2/paper/IMG_6767.npy,paper,paper,0.9653801321983337,True
IMG_6799,./test/skeleton_final_v2/paper/IMG_6799.npy,paper,paper,0.9155763983726501,True
IMG_6830,./test/skeleton_final_v2/paper/IMG_6830.npy,paper,paper,0.9968720078468323,True
IMG_6861,./test/skeleton_final_v2/paper/IMG_6861.npy,paper,paper,0.6355493068695068,True
IMG_6862,./test/skeleton_final_v2/paper/IMG_6862.npy,paper,paper,0.966559886932373,True
IMG_6864,./test/skeleton_final_v2/paper/IMG_6864.npy,paper,paper,0.9967682361602783,True
IMG_6865,./test/skeleton_final_v2/paper/IMG_6865.npy,paper,paper,0.9131361246109009,True
IMG_6909,./test/skeleton_final_v2/paper/IMG_6909.npy,paper,paper,0.9884346723556519,True
IMG_6910,./test/skeleton_final_v2/paper/IMG_6910.npy,paper,paper,0.5964940786361694,True
IMG_6911,./test/skeleton_final_v2/paper/IMG_6911.npy,paper,paper,0.9830121397972107,True
IMG_6913,./test/skeleton_final_v2/paper/IMG_6913.npy,paper,paper,0.9957199692726135,True
IMG_6934,./test/skeleton_final_v2/paper/IMG_6934.npy,paper,paper,0.9927290081977844,True
IMG_6935,./test/skeleton_final_v2/paper/IMG_6935.npy,paper,paper,0.8571721315383911,True
IMG_6963,./test/skeleton_final_v2/paper/IMG_6963.npy,paper,paper,0.980505645275116,True
IMG_6964,./test/skeleton_final_v2/paper/IMG_6964.npy,paper,paper,0.9237354397773743,True
IMG_6965,./test/skeleton_final_v2/paper/IMG_6965.npy,paper,paper,0.9750598669052124,True
IMG_6994,./test/skeleton_final_v2/paper/IMG_6994.npy,paper,ok,0.6745134592056274,False
IMG_6995,./test/skeleton_final_v2/paper/IMG_6995.npy,paper,paper,0.962622344493866,True
IMG_6996,./test/skeleton_final_v2/paper/IMG_6996.npy,paper,paper,0.934120774269104,True
IMG_7033,./test/skeleton_final_v2/paper/IMG_7033.npy,paper,paper,0.8320474028587341,True
IMG_7064,./test/skeleton_final_v2/paper/IMG_7064.npy,paper,paper,0.930178701877594,True
IMG_7065,./test/skeleton_final_v2/paper/IMG_7065.npy,paper,paper,0.9282656908035278,True
IMG_7067,./test/skeleton_final_v2/paper/IMG_7067.npy,paper,paper,0.9102016687393188,True
IMG_7068,./test/skeleton_final_v2/paper/IMG_7068.npy,paper,ok,0.6463786959648132,False
IMG_7222,./test/skeleton_final_v2/paper/IMG_7222.npy,paper,paper,0.9928995370864868,True
IMG_7223,./test/skeleton_final_v2/paper/IMG_7223.npy,paper,paper,0.9953241944313049,True
IMG_7224,./test/skeleton_final_v2/paper/IMG_7224.npy,paper,paper,0.798203706741333,True
IMG_7254,./test/skeleton_final_v2/paper/IMG_7254.npy,paper,paper,0.9579727053642273,True
IMG_7285,./test/skeleton_final_v2/paper/IMG_7285.npy,paper,paper,0.9765560626983643,True
IMG_7286,./test/skeleton_final_v2/paper/IMG_7286.npy,paper,paper,0.7847422361373901,True
IMG_7316,./test/skeleton_final_v2/paper/IMG_7316.npy,paper,paper,0.9503294825553894,True
IMG_7317,./test/skeleton_final_v2/paper/IMG_7317.npy,paper,paper,0.7043190002441406,True
IMG_7345,./test/skeleton_final_v2/paper/IMG_7345.npy,paper,paper,0.991524338722229,True
IMG_7347,./test/skeleton_final_v2/paper/IMG_7347.npy,paper,paper,0.9923173189163208,True
IMG_7349,./test/skeleton_final_v2/paper/IMG_7349.npy,paper,ok,0.44682934880256653,False
IMG_7382,./test/skeleton_final_v2/paper/IMG_7382.npy,paper,paper,0.8114898800849915,True
IMG_7414,./test/skeleton_final_v2/paper/IMG_7414.npy,paper,paper,0.963863730430603,True
IMG_7443,./test/skeleton_final_v2/paper/IMG_7443.npy,paper,paper,0.9828703999519348,True
IMG_7446,./test/skeleton_final_v2/paper/IMG_7446.npy,paper,paper,0.9439598917961121,True
IMG_7447,./test/skeleton_final_v2/paper/IMG_7447.npy,paper,paper,0.8981335759162903,True
IMG_7476,./test/skeleton_final_v2/paper/IMG_7476.npy,paper,paper,0.9663920998573303,True
IMG_7477,./test/skeleton_final_v2/paper/IMG_7477.npy,paper,paper,0.9438906311988831,True
IMG_7513,./test/skeleton_final_v2/paper/IMG_7513.npy,paper,paper,0.712116539478302,True
IMG_7515,./test/skeleton_final_v2/paper/IMG_7515.npy,paper,ok,0.46910884976387024,False
IMG_7545,./test/skeleton_final_v2/paper/IMG_7545.npy,paper,paper,0.8426730632781982,True
IMG_7578,./test/skeleton_final_v2/paper/IMG_7578.npy,paper,paper,0.8861972689628601,True
IMG_7579,./test/skeleton_final_v2/paper/IMG_7579.npy,paper,paper,0.7475535869598389,True
IMG_7609,./test/skeleton_final_v2/paper/IMG_7609.npy,paper,paper,0.9686619639396667,True
IMG_7610,./test/skeleton_final_v2/paper/IMG_7610.npy,paper,paper,0.6637772917747498,True
IMG_7611,./test/skeleton_final_v2/paper/IMG_7611.npy,paper,paper,0.9876881241798401,True
IMG_7652,./test/skeleton_final_v2/paper/IMG_7652.npy,paper,paper,0.9642716646194458,True
IMG_7653,./test/skeleton_final_v2/paper/IMG_7653.npy,paper,paper,0.5970875024795532,True
IMG_7717,./test/skeleton_final_v2/paper/IMG_7717.npy,paper,paper,0.9251879453659058,True
IMG_7718,./test/skeleton_final_v2/paper/IMG_7718.npy,paper,paper,0.9694403409957886,True
IMG_7719,./test/skeleton_final_v2/paper/IMG_7719.npy,paper,paper,0.8793449401855469,True
IMG_7720,./test/skeleton_final_v2/paper/IMG_7720.npy,paper,paper,0.7162847518920898,True
IMG_7750,./test/skeleton_final_v2/paper/IMG_7750.npy,paper,paper,0.42213723063468933,True
IMG_7778,./test/skeleton_final_v2/paper/IMG_7778.npy,paper,paper,0.9803534746170044,True
IMG_7781,./test/skeleton_final_v2/paper/IMG_7781.npy,paper,paper,0.7668838500976562,True
IMG_7850,./test/skeleton_final_v2/paper/IMG_7850.npy,paper,paper,0.9533141851425171,True
IMG_7882,./test/skeleton_final_v2/paper/IMG_7882.npy,paper,paper,0.9914907813072205,True
IMG_7883,./test/skeleton_final_v2/paper/IMG_7883.npy,paper,paper,0.8381776809692383,True
IMG_7884,./test/skeleton_final_v2/paper/IMG_7884.npy,paper,paper,0.9889472723007202,True
IMG_7885,./test/skeleton_final_v2/paper/IMG_7885.npy,paper,paper,0.9951338171958923,True
IMG_7946,./test/skeleton_final_v2/paper/IMG_7946.npy,paper,paper,0.9790682792663574,True
IMG_7947,./test/skeleton_final_v2/paper/IMG_7947.npy,paper,paper,0.6916473507881165,True
IMG_7977,./test/skeleton_final_v2/paper/IMG_7977.npy,paper,paper,0.816137433052063,True
IMG_7979,./test/skeleton_final_v2/paper/IMG_7979.npy,paper,ok,0.35953274369239807,False
IMG_8042,./test/skeleton_final_v2/paper/IMG_8042.npy,paper,paper,0.6802599430084229,True
IMG_8043,./test/skeleton_final_v2/paper/IMG_8043.npy,paper,paper,0.8893684148788452,True
IMG_8044,./test/skeleton_final_v2/paper/IMG_8044.npy,paper,ok,0.8927649855613708,False
IMG_8073,./test/skeleton_final_v2/paper/IMG_8073.npy,paper,paper,0.9435235261917114,True
IMG_8075,./test/skeleton_final_v2/paper/IMG_8075.npy,paper,paper,0.9496437907218933,True
IMG_8105,./test/skeleton_final_v2/paper/IMG_8105.npy,paper,paper,0.9896580576896667,True
IMG_8106,./test/skeleton_final_v2/paper/IMG_8106.npy,paper,paper,0.8917480707168579,True
IMG_8139,./test/skeleton_final_v2/paper/IMG_8139.npy,paper,paper,0.9724145531654358,True
IMG_8174,./test/skeleton_final_v2/paper/IMG_8174.npy,paper,paper,0.9744353294372559,True
IMG_6254,./test/skeleton_final_v2/rock/IMG_6254.npy,rock,rock,0.513526439666748,True
IMG_6265,./test/skeleton_final_v2/rock/IMG_6265.npy,rock,thumb,0.4768851399421692,False
IMG_6266,./test/skeleton_final_v2/rock/IMG_6266.npy,rock,rock,0.7525413632392883,True
IMG_6267,./test/skeleton_final_v2/rock/IMG_6267.npy,rock,rock,0.644939661026001,True
IMG_6271,./test/skeleton_final_v2/rock/IMG_6271.npy,rock,rock,0.7598182559013367,True
IMG_6272,./test/skeleton_final_v2/rock/IMG_6272.npy,rock,rock,0.6655858159065247,True
IMG_6318,./test/skeleton_final_v2/rock/IMG_6318.npy,rock,the-finger,0.5225003957748413,False
IMG_6321,./test/skeleton_final_v2/rock/IMG_6321.npy,rock,rock,0.6817739009857178,True
IMG_6345,./test/skeleton_final_v2/rock/IMG_6345.npy,rock,rock,0.8741658329963684,True
IMG_6346,./test/skeleton_final_v2/rock/IMG_6346.npy,rock,rock,0.7983298301696777,True
IMG_6348,./test/skeleton_final_v2/rock/IMG_6348.npy,rock,rock,0.8816288709640503,True
IMG_6349,./test/skeleton_final_v2/rock/IMG_6349.npy,rock,rock,0.8412434458732605,True
IMG_6384,./test/skeleton_final_v2/rock/IMG_6384.npy,rock,rock,0.7228937149047852,True
IMG_6385,./test/skeleton_final_v2/rock/IMG_6385.npy,rock,the-finger,0.7807605266571045,False
IMG_6417,./test/skeleton_final_v2/rock/IMG_6417.npy,rock,rock,0.9138676524162292,True
IMG_6418,./test/skeleton_final_v2/rock/IMG_6418.npy,rock,rock,0.9424080848693848,True
IMG_6420,./test/skeleton_final_v2/rock/IMG_6420.npy,rock,rock,0.7820217609405518,True
IMG_6460,./test/skeleton_final_v2/rock/IMG_6460.npy,rock,rock,0.874177873134613,True
IMG_6499,./test/skeleton_final_v2/rock/IMG_6499.npy,rock,rock,0.8949586749076843,True
IMG_6500,./test/skeleton_final_v2/rock/IMG_6500.npy,rock,rock,0.8546682596206665,True
IMG_6502,./test/skeleton_final_v2/rock/IMG_6502.npy,rock,rock,0.9384666681289673,True
IMG_6503,./test/skeleton_final_v2/rock/IMG_6503.npy,rock,rock,0.5730509757995605,True
IMG_6541,./test/skeleton_final_v2/rock/IMG_6541.npy,rock,rock,0.7710330486297607,True
IMG_6543,./test/skeleton_final_v2/rock/IMG_6543.npy,rock,rock,0.9657917022705078,True
IMG_6574,./test/skeleton_final_v2/rock/IMG_6574.npy,rock,the-finger,0.7206812500953674,False
IMG_6575,./test/skeleton_final_v2/rock/IMG_6575.npy,rock,rock,0.5560023188591003,True
IMG_6611,./test/skeleton_final_v2/rock/IMG_6611.npy,rock,the-finger,0.5658895969390869,False
IMG_6641,./test/skeleton_final_v2/rock/IMG_6641.npy,rock,rock,0.7017634510993958,True
IMG_6700,./test/skeleton_final_v2/rock/IMG_6700.npy,rock,rock,0.9509732127189636,True
IMG_6701,./test/skeleton_final_v2/rock/IMG_6701.npy,rock,rock,0.6831374764442444,True
IMG_6720,./test/skeleton_final_v2/rock/IMG_6720.npy,rock,rock,0.9314405918121338,True
IMG_6723,./test/skeleton_final_v2/rock/IMG_6723.npy,rock,rock,0.8496266603469849,True
IMG_6765,./test/skeleton_final_v2/rock/IMG_6765.npy,rock,rock,0.7488621473312378,True
IMG_6793,./test/skeleton_final_v2/rock/IMG_6793.npy,rock,the-finger,0.4409728944301605,False
IMG_6794,./test/skeleton_final_v2/rock/IMG_6794.npy,rock,rock,0.7626705169677734,True
IMG_6796,./test/skeleton_final_v2/rock/IMG_6796.npy,rock,rock,0.7470113039016724,True
IMG_6821,./test/skeleton_final_v2/rock/IMG_6821.npy,rock,rock,0.5991264581680298,True
IMG_6822,./test/skeleton_final_v2/rock/IMG_6822.npy,rock,the-finger,0.9526973962783813,False
IMG_6824,./test/skeleton_final_v2/rock/IMG_6824.npy,rock,rock,0.8440290689468384,True
IMG_6851,./test/skeleton_final_v2/rock/IMG_6851.npy,rock,rock,0.8283125162124634,True
IMG_6853,./test/skeleton_final_v2/rock/IMG_6853.npy,rock,the-finger,0.7095962166786194,False
IMG_6855,./test/skeleton_final_v2/rock/IMG_6855.npy,rock,the-finger,0.7123435139656067,False
IMG_6900,./test/skeleton_final_v2/rock/IMG_6900.npy,rock,rock,0.6062332391738892,True
IMG_6902,./test/skeleton_final_v2/rock/IMG_6902.npy,rock,ok,0.3670102059841156,False
IMG_6904,./test/skeleton_final_v2/rock/IMG_6904.npy,rock,the-finger,0.8940368294715881,False
IMG_6924,./test/skeleton_final_v2/rock/IMG_6924.npy,rock,the-finger,0.6934995651245117,False
IMG_6925,./test/skeleton_final_v2/rock/IMG_6925.npy,rock,rock,0.4190900921821594,True
IMG_6927,./test/skeleton_final_v2/rock/IMG_6927.npy,rock,thumb,0.8571642637252808,False
IMG_6954,./test/skeleton_final_v2/rock/IMG_6954.npy,rock,the-finger,0.5315294861793518,False
IMG_6955,./test/skeleton_final_v2/rock/IMG_6955.npy,rock,the-finger,0.8160458207130432,False
IMG_6984,./test/skeleton_final_v2/rock/IMG_6984.npy,rock,the-finger,0.6940418481826782,False
IMG_6987,./test/skeleton_final_v2/rock/IMG_6987.npy,rock,thumb,0.7347778081893921,False
IMG_7019,./test/skeleton_final_v2/rock/IMG_7019.npy,rock,ok,0.5760060548782349,False
IMG_7023,./test/skeleton_final_v2/rock/IMG_7023.npy,rock,ok,0.4502062201499939,False
IMG_7054,./test/skeleton_final_v2/rock/IMG_7054.npy,rock,rock,0.7808537483215332,True
IMG_7212,./test/skeleton_final_v2/rock/IMG_7212.npy,rock,rock,0.9677510261535645,True
IMG_7213,./test/skeleton_final_v2/rock/IMG_7213.npy,rock,rock,0.5388122200965881,True
IMG_7214,./test/skeleton_final_v2/rock/IMG_7214.npy,rock,rock,0.7237552404403687,True
IMG_7244,./test/skeleton_final_v2/rock/IMG_7244.npy,rock,rock,0.8531138300895691,True
IMG_7245,./test/skeleton_final_v2/rock/IMG_7245.npy,rock,rock,0.687143862247467,True
IMG_7279,./test/skeleton_final_v2/rock/IMG_7279.npy,rock,the-finger,0.8573850989341736,False
IMG_7305,./test/skeleton_final_v2/rock/IMG_7305.npy,rock,thumb,0.5918578505516052,False
IMG_7307,./test/skeleton_final_v2/rock/IMG_7307.npy,rock,rock,0.860437273979187,True
IMG_7308,./test/skeleton_final_v2/rock/IMG_7308.npy,rock,rock,0.8837289810180664,True
IMG_7309,./test/skeleton_final_v2/rock/IMG_7309.npy,rock,the-finger,0.9608326554298401,False
IMG_7337,./test/skeleton_final_v2/rock/IMG_7337.npy,rock,rock,0.7017984390258789,True
IMG_7338,./test/skeleton_final_v2/rock/IMG_7338.npy,rock,rock,0.9743528366088867,True
IMG_7340,./test/skeleton_final_v2/rock/IMG_7340.npy,rock,the-finger,0.8013461232185364,False
IMG_7370,./test/skeleton_final_v2/rock/IMG_7370.npy,rock,thumb,0.9250653386116028,False
IMG_7371,./test/skeleton_final_v2/rock/IMG_7371.npy,rock,rock,0.9356728196144104,True
IMG_7373,./test/skeleton_final_v2/rock/IMG_7373.npy,rock,rock,0.9226500391960144,True
IMG_7402,./test/skeleton_final_v2/rock/IMG_7402.npy,rock,rock,0.9523643255233765,True
IMG_7404,./test/skeleton_final_v2/rock/IMG_7404.npy,rock,rock,0.9096025228500366,True
IMG_7433,./test/skeleton_final_v2/rock/IMG_7433.npy,rock,rock,0.9739518165588379,True
IMG_7436,./test/skeleton_final_v2/rock/IMG_7436.npy,rock,the-finger,0.8728972673416138,False
IMG_7470,./test/skeleton_final_v2/rock/IMG_7470.npy,rock,the-finger,0.6354241371154785,False
IMG_7502,./test/skeleton_final_v2/rock/IMG_7502.npy,rock,thumb,0.6916989088058472,False
IMG_7503,./test/skeleton_final_v2/rock/IMG_7503.npy,rock,rock,0.9224072694778442,True
IMG_7506,./test/skeleton_final_v2/rock/IMG_7506.npy,rock,the-finger,0.5294709205627441,False
IMG_7539,./test/skeleton_final_v2/rock/IMG_7539.npy,rock,the-finger,0.9168806672096252,False
IMG_7568,./test/skeleton_final_v2/rock/IMG_7568.npy,rock,rock,0.620479941368103,True
IMG_7571,./test/skeleton_final_v2/rock/IMG_7571.npy,rock,thumb,0.4314781725406647,False
IMG_7603,./test/skeleton_final_v2/rock/IMG_7603.npy,rock,rock,0.8920532464981079,True
IMG_7635,./test/skeleton_final_v2/rock/IMG_7635.npy,rock,rock,0.7388818264007568,True
IMG_7636,./test/skeleton_final_v2/rock/IMG_7636.npy,rock,thumb,0.41045859456062317,False
IMG_7637,./test/skeleton_final_v2/rock/IMG_7637.npy,rock,thumb,0.3928534686565399,False
IMG_7638,./test/skeleton_final_v2/rock/IMG_7638.npy,rock,thumb,0.3356153666973114,False
IMG_7639,./test/skeleton_final_v2/rock/IMG_7639.npy,rock,thumb,0.3682706654071808,False
IMG_7680,./test/skeleton_final_v2/rock/IMG_7680.npy,rock,rock,0.5861823558807373,True
IMG_7716,./test/skeleton_final_v2/rock/IMG_7716.npy,rock,rock,0.8828461170196533,True
IMG_7741,./test/skeleton_final_v2/rock/IMG_7741.npy,rock,rock,0.9255454540252686,True
IMG_7742,./test/skeleton_final_v2/rock/IMG_7742.npy,rock,rock,0.9737628698348999,True
IMG_7744,./test/skeleton_final_v2/rock/IMG_7744.npy,rock,rock,0.9631342887878418,True
IMG_7772,./test/skeleton_final_v2/rock/IMG_7772.npy,rock,rock,0.9794714450836182,True
IMG_7838,./test/skeleton_final_v2/rock/IMG_7838.npy,rock,rock,0.9352951645851135,True
IMG_7873,./test/skeleton_final_v2/rock/IMG_7873.npy,rock,rock,0.9636777639389038,True
IMG_7875,./test/skeleton_final_v2/rock/IMG_7875.npy,rock,rock,0.9253029823303223,True
IMG_7876,./test/skeleton_final_v2/rock/IMG_7876.npy,rock,rock,0.7290520668029785,True
IMG_7907,./test/skeleton_final_v2/rock/IMG_7907.npy,rock,rock,0.9095425605773926,True
IMG_7937,./test/skeleton_final_v2/rock/IMG_7937.npy,rock,rock,0.9510451555252075,True
IMG_7939,./test/skeleton_final_v2/rock/IMG_7939.npy,rock,the-finger,0.8382053971290588,False
IMG_7970,./test/skeleton_final_v2/rock/IMG_7970.npy,rock,the-finger,0.5380290150642395,False
IMG_7971,./test/skeleton_final_v2/rock/IMG_7971.npy,rock,rock,0.9048206806182861,True
IMG_8002,./test/skeleton_final_v2/rock/IMG_8002.npy,rock,rock,0.9279105067253113,True
IMG_8032,./test/skeleton_final_v2/rock/IMG_8032.npy,rock,rock,0.9815338253974915,True
IMG_8065,./test/skeleton_final_v2/rock/IMG_8065.npy,rock,rock,0.9403890371322632,True
IMG_8066,./test/skeleton_final_v2/rock/IMG_8066.npy,rock,rock,0.9587128758430481,True
IMG_8068,./test/skeleton_final_v2/rock/IMG_8068.npy,rock,paper,0.6061881184577942,False
IMG_8100,./test/skeleton_final_v2/rock/IMG_8100.npy,rock,thumb,0.5639758110046387,False
IMG_6281,./test/skeleton_final_v2/scissors/IMG_6281.npy,scissors,thumb,0.7076210379600525,False
IMG_6283,./test/skeleton_final_v2/scissors/IMG_6283.npy,scissors,thumb,0.8711755871772766,False
IMG_6284,./test/skeleton_final_v2/scissors/IMG_6284.npy,scissors,scissors,0.6935648322105408,True
IMG_6285,./test/skeleton_final_v2/scissors/IMG_6285.npy,scissors,thumb,0.6521834135055542,False
IMG_6286,./test/skeleton_final_v2/scissors/IMG_6286.npy,scissors,thumb,0.830407977104187,False
IMG_6311,./test/skeleton_final_v2/scissors/IMG_6311.npy,scissors,thumb,0.48096704483032227,False
IMG_6316,./test/skeleton_final_v2/scissors/IMG_6316.npy,scissors,thumb,0.7369713187217712,False
IMG_6351,./test/skeleton_final_v2/scissors/IMG_6351.npy,scissors,scissors,0.6607142090797424,True
IMG_6352,./test/skeleton_final_v2/scissors/IMG_6352.npy,scissors,scissors,0.9996716976165771,True
IMG_6386,./test/skeleton_final_v2/scissors/IMG_6386.npy,scissors,scissors,0.9995007514953613,True
IMG_6387,./test/skeleton_final_v2/scissors/IMG_6387.npy,scissors,scissors,0.9991056323051453,True
IMG_6389,./test/skeleton_final_v2/scissors/IMG_6389.npy,scissors,the-finger,0.6157349348068237,False
IMG_6390,./test/skeleton_final_v2/scissors/IMG_6390.npy,scissors,scissors,0.8356246948242188,True
IMG_6423,./test/skeleton_final_v2/scissors/IMG_6423.npy,scissors,scissors,0.9362338185310364,True
IMG_6424,./test/skeleton_final_v2/scissors/IMG_6424.npy,scissors,scissors,0.9991207718849182,True
IMG_6425,./test/skeleton_final_v2/scissors/IMG_6425.npy,scissors,thumb,0.8879247903823853,False
IMG_6461,./test/skeleton_final_v2/scissors/IMG_6461.npy,scissors,scissors,0.9996837377548218,True
IMG_6463,./test/skeleton_final_v2/scissors/IMG_6463.npy,scissors,scissors,0.9995494484901428,True
IMG_6494,./test/skeleton_final_v2/scissors/IMG_6494.npy,scissors,scissors,0.3591126799583435,True
IMG_6495,./test/skeleton_final_v2/scissors/IMG_6495.npy,scissors,scissors,0.36993107199668884,True
IMG_6534,./test/skeleton_final_v2/scissors/IMG_6534.npy,scissors,scissors,0.4091331660747528,True
IMG_6538,./test/skeleton_final_v2/scissors/IMG_6538.npy,scissors,scissors,0.7579824328422546,True
IMG_6577,./test/skeleton_final_v2/scissors/IMG_6577.npy,scissors,scissors,0.9996391534805298,True
IMG_6614,./test/skeleton_final_v2/scissors/IMG_6614.npy,scissors,scissors,0.9990764856338501,True
IMG_6616,./test/skeleton_final_v2/scissors/IMG_6616.npy,scissors,scissors,0.9997299313545227,True
IMG_6650,./test/skeleton_final_v2/scissors/IMG_6650.npy,scissors,thumb,0.8120962977409363,False
IMG_6729,./test/skeleton_final_v2/scissors/IMG_6729.npy,scissors,ok,0.6137069463729858,False
IMG_6730,./test/skeleton_final_v2/scissors/IMG_6730.npy,scissors,rock,0.6611305475234985,False
IMG_6757,./test/skeleton_final_v2/scissors/IMG_6757.npy,scissors,scissors,0.999103307723999,True
IMG_6827,./test/skeleton_final_v2/scissors/IMG_6827.npy,scissors,thumb,0.6680022478103638,False
IMG_6828,./test/skeleton_final_v2/scissors/IMG_6828.npy,scissors,scissors,0.5616133213043213,True
IMG_6858,./test/skeleton_final_v2/scissors/IMG_6858.npy,scissors,scissors,0.9997236132621765,True
IMG_6859,./test/skeleton_final_v2/scissors/IMG_6859.npy,scissors,scissors,0.9395959973335266,True
IMG_6905,./test/skeleton_final_v2/scissors/IMG_6905.npy,scissors,scissors,0.7893136739730835,True
IMG_6907,./test/skeleton_final_v2/scissors/IMG_6907.npy,scissors,scissors,0.9995342493057251,True
IMG_6908,./test/skeleton_final_v2/scissors/IMG_6908.npy,scissors,scissors,0.9833193421363831,True
IMG_6928,./test/skeleton_final_v2/scissors/IMG_6928.npy,scissors,thumb,0.9921621680259705,False
IMG_6929,./test/skeleton_final_v2/scissors/IMG_6929.npy,scissors,thumb,0.7282344698905945,False
IMG_6930,./test/skeleton_final_v2/scissors/IMG_6930.npy,scissors,thumb,0.7124712467193604,False
IMG_6931,./test/skeleton_final_v2/scissors/IMG_6931.npy,scissors,thumb,0.9702337384223938,False
IMG_6959,./test/skeleton_final_v2/scissors/IMG_6959.npy,scissors,thumb,0.5586944222450256,False
IMG_6962,./test/skeleton_final_v2/scissors/IMG_6962.npy,scissors,thumb,0.9161544442176819,False
IMG_6990,./test/skeleton_final_v2/scissors/IMG_6990.npy,scissors,the-finger,0.423114150762558,False
IMG_6992,./test/skeleton_final_v2/scissors/IMG_6992.npy,scissors,scissors,0.6944632530212402,True
IMG_7060,./test/skeleton_final_v2/scissors/IMG_7060.npy,scissors,thumb,0.538209855556488,False
IMG_7061,./test/skeleton_final_v2/scissors/IMG_7061.npy,scissors,thumb,0.43363139033317566,False
IMG_7063,./test/skeleton_final_v2/scissors/IMG_7063.npy,scissors,scissors,0.5138373374938965,True
IMG_7218,./test/skeleton_final_v2/scissors/IMG_7218.npy,scissors,scissors,0.9997106194496155,True
IMG_7219,./test/skeleton_final_v2/scissors/IMG_7219.npy,scissors,thumb,0.6905949711799622,False
IMG_7220,./test/skeleton_final_v2/scissors/IMG_7220.npy,scissors,thumb,0.8073234558105469,False
IMG_7248,./test/skeleton_final_v2/scissors/IMG_7248.npy,scissors,scissors,0.9989336133003235,True
IMG_7281,./test/skeleton_final_v2/scissors/IMG_7281.npy,scissors,scissors,0.47844961285591125,True
IMG_7283,./test/skeleton_final_v2/scissors/IMG_7283.npy,scissors,thumb,0.9633882641792297,False
IMG_7310,./test/skeleton_final_v2/scissors/IMG_7310.npy,scissors,scissors,0.9983659386634827,True
IMG_7341,./test/skeleton_final_v2/scissors/IMG_7341.npy,scissors,scissors,0.9996236562728882,True
IMG_7342,./test/skeleton_final_v2/scissors/IMG_7342.npy,scissors,thumb,0.4884200096130371,False
IMG_7344,./test/skeleton_final_v2/scissors/IMG_7344.npy,scissors,scissors,0.4188939929008484,True
IMG_7374,./test/skeleton_final_v2/scissors/IMG_7374.npy,scissors,scissors,0.9996423721313477,True
IMG_7376,./test/skeleton_final_v2/scissors/IMG_7376.npy,scissors,scissors,0.998359739780426,True
IMG_7378,./test/skeleton_final_v2/scissors/IMG_7378.npy,scissors,scissors,0.9962729215621948,True
IMG_7406,./test/skeleton_final_v2/scissors/IMG_7406.npy,scissors,paper,0.7459852695465088,False
IMG_7407,./test/skeleton_final_v2/scissors/IMG_7407.npy,scissors,scissors,0.5834336876869202,True
IMG_7408,./test/skeleton_final_v2/scissors/IMG_7408.npy,scissors,thumb,0.6768537759780884,False
IMG_7410,./test/skeleton_final_v2/scissors/IMG_7410.npy,scissors,thumb,0.6405534744262695,False
IMG_7438,./test/skeleton_final_v2/scissors/IMG_7438.npy,scissors,scissors,0.9995742440223694,True
IMG_7441,./test/skeleton_final_v2/scissors/IMG_7441.npy,scissors,scissors,0.7933992147445679,True
IMG_7472,./test/skeleton_final_v2/scissors/IMG_7472.npy,scissors,scissors,0.995468020439148,True
IMG_7474,./test/skeleton_final_v2/scissors/IMG_7474.npy,scissors,scissors,0.9346497654914856,True
IMG_7509,./test/skeleton_final_v2/scissors/IMG_7509.npy,scissors,thumb,0.5620650053024292,False
IMG_7541,./test/skeleton_final_v2/scissors/IMG_7541.npy,scissors,scissors,0.47602516412734985,True
IMG_7543,./test/skeleton_final_v2/scissors/IMG_7543.npy,scissors,thumb,0.5002368688583374,False
IMG_7575,./test/skeleton_final_v2/scissors/IMG_7575.npy,scissors,scissors,0.9982465505599976,True
IMG_7608,./test/skeleton_final_v2/scissors/IMG_7608.npy,scissors,scissors,0.5724483728408813,True
IMG_7642,./test/skeleton_final_v2/scissors/IMG_7642.npy,scissors,scissors,0.4630512595176697,True
IMG_7643,./test/skeleton_final_v2/scissors/IMG_7643.npy,scissors,scissors,0.9988365769386292,True
IMG_7645,./test/skeleton_final_v2/scissors/IMG_7645.npy,scissors,scissors,0.9979771971702576,True
IMG_7648,./test/skeleton_final_v2/scissors/IMG_7648.npy,scissors,scissors,0.9985755681991577,True
IMG_7682,./test/skeleton_final_v2/scissors/IMG_7682.npy,scissors,thumb,0.5271255373954773,False
IMG_7683,./test/skeleton_final_v2/scissors/IMG_7683.npy,scissors,thumb,0.6324933171272278,False
IMG_7684,./test/skeleton_final_v2/scissors/IMG_7684.npy,scissors,scissors,0.7211136817932129,True
IMG_7708,./test/skeleton_final_v2/scissors/IMG_7708.npy,scissors,thumb,0.5702844262123108,False
IMG_7710,./test/skeleton_final_v2/scissors/IMG_7710.npy,scissors,thumb,0.6616180539131165,False
IMG_7711,./test/skeleton_final_v2/scissors/IMG_7711.npy,scissors,thumb,0.6003269553184509,False
IMG_7745,./test/skeleton_final_v2/scissors/IMG_7745.npy,scissors,thumb,0.40458378195762634,False
IMG_7747,./test/skeleton_final_v2/scissors/IMG_7747.npy,scissors,thumb,0.4880150556564331,False
IMG_7748,./test/skeleton_final_v2/scissors/IMG_7748.npy,scissors,thumb,0.44599631428718567,False
IMG_7776,./test/skeleton_final_v2/scissors/IMG_7776.npy,scissors,thumb,0.5203115940093994,False
IMG_7843,./test/skeleton_final_v2/scissors/IMG_7843.npy,scissors,scissors,0.9990554451942444,True
IMG_7846,./test/skeleton_final_v2/scissors/IMG_7846.npy,scissors,scissors,0.5145649313926697,True
IMG_7847,./test/skeleton_final_v2/scissors/IMG_7847.npy,scissors,scissors,0.986553966999054,True
IMG_7878,./test/skeleton_final_v2/scissors/IMG_7878.npy,scissors,thumb,0.5998600125312805,False
IMG_7880,./test/skeleton_final_v2/scissors/IMG_7880.npy,scissors,scissors,0.6301662921905518,True
IMG_7910,./test/skeleton_final_v2/scissors/IMG_7910.npy,scissors,thumb,0.6808488368988037,False
IMG_7911,./test/skeleton_final_v2/scissors/IMG_7911.npy,scissors,thumb,0.549140214920044,False
IMG_7912,./test/skeleton_final_v2/scissors/IMG_7912.npy,scissors,thumb,0.4545777142047882,False
IMG_7913,./test/skeleton_final_v2/scissors/IMG_7913.npy,scissors,scissors,0.37523382902145386,True
IMG_7940,./test/skeleton_final_v2/scissors/IMG_7940.npy,scissors,thumb,0.6144513487815857,False
IMG_7941,./test/skeleton_final_v2/scissors/IMG_7941.npy,scissors,scissors,0.9705726504325867,True
IMG_7942,./test/skeleton_final_v2/scissors/IMG_7942.npy,scissors,scissors,0.9988975524902344,True
IMG_7972,./test/skeleton_final_v2/scissors/IMG_7972.npy,scissors,thumb,0.5265129208564758,False
IMG_8007,./test/skeleton_final_v2/scissors/IMG_8007.npy,scissors,thumb,0.5867613554000854,False
IMG_8008,./test/skeleton_final_v2/scissors/IMG_8008.npy,scissors,thumb,0.47010940313339233,False
IMG_8038,./test/skeleton_final_v2/scissors/IMG_8038.npy,scissors,thumb,0.7015546560287476,False
IMG_8039,./test/skeleton_final_v2/scissors/IMG_8039.npy,scissors,thumb,0.7776799201965332,False
IMG_8070,./test/skeleton_final_v2/scissors/IMG_8070.npy,scissors,thumb,0.5975301265716553,False
IMG_8101,./test/skeleton_final_v2/scissors/IMG_8101.npy,scissors,thumb,0.6463438868522644,False
IMG_8104,./test/skeleton_final_v2/scissors/IMG_8104.npy,scissors,paper,0.4473274350166321,False
IMG_8132,./test/skeleton_final_v2/scissors/IMG_8132.npy,scissors,thumb,0.599836528301239,False
IMG_8135,./test/skeleton_final_v2/scissors/IMG_8135.npy,scissors,scissors,0.9994064569473267,True
IMG_8169,./test/skeleton_final_v2/scissors/IMG_8169.npy,scissors,thumb,0.6355039477348328,False
IMG_8170,./test/skeleton_final_v2/scissors/IMG_8170.npy,scissors,scissors,0.9995372295379639,True
IMG_8171,./test/skeleton_final_v2/scissors/IMG_8171.npy,scissors,thumb,0.9041934013366699,False
IMG_6304,./test/skeleton_final_v2/the-finger/IMG_6304.npy,the-finger,the-finger,0.9996882677078247,True
IMG_6308,./test/skeleton_final_v2/the-finger/IMG_6308.npy,the-finger,the-finger,0.9988620281219482,True
IMG_6309,./test/skeleton_final_v2/the-finger/IMG_6309.npy,the-finger,the-finger,0.9971373081207275,True
IMG_6341,./test/skeleton_final_v2/the-finger/IMG_6341.npy,the-finger,the-finger,0.840824544429779,True
IMG_6343,./test/skeleton_final_v2/the-finger/IMG_6343.npy,the-finger,the-finger,0.9983031749725342,True
IMG_6344,./test/skeleton_final_v2/the-finger/IMG_6344.npy,the-finger,the-finger,0.8372194170951843,True
IMG_6379,./test/skeleton_final_v2/the-finger/IMG_6379.npy,the-finger,the-finger,0.989974319934845,True
IMG_6411,./test/skeleton_final_v2/the-finger/IMG_6411.npy,the-finger,the-finger,0.9675735235214233,True
IMG_6412,./test/skeleton_final_v2/the-finger/IMG_6412.npy,the-finger,the-finger,0.9978432655334473,True
IMG_6413,./test/skeleton_final_v2/the-finger/IMG_6413.npy,the-finger,the-finger,0.9755048155784607,True
IMG_6414,./test/skeleton_final_v2/the-finger/IMG_6414.npy,the-finger,the-finger,0.6080513000488281,True
IMG_6416,./test/skeleton_final_v2/the-finger/IMG_6416.npy,the-finger,scissors,0.49320080876350403,False
IMG_6451,./test/skeleton_final_v2/the-finger/IMG_6451.npy,the-finger,the-finger,0.9052689671516418,True
IMG_6486,./test/skeleton_final_v2/the-finger/IMG_6486.npy,the-finger,the-finger,0.9939939379692078,True
IMG_6491,./test/skeleton_final_v2/the-finger/IMG_6491.npy,the-finger,the-finger,0.9996992349624634,True
IMG_6528,./test/skeleton_final_v2/the-finger/IMG_6528.npy,the-finger,scissors,0.9990915060043335,False
IMG_6529,./test/skeleton_final_v2/the-finger/IMG_6529.npy,the-finger,the-finger,0.9701231122016907,True
IMG_6530,./test/skeleton_final_v2/the-finger/IMG_6530.npy,the-finger,ok,0.8970537781715393,False
IMG_6531,./test/skeleton_final_v2/the-finger/IMG_6531.npy,the-finger,the-finger,0.5582959651947021,True
IMG_6566,./test/skeleton_final_v2/the-finger/IMG_6566.npy,the-finger,the-finger,0.9983453750610352,True
IMG_6567,./test/skeleton_final_v2/the-finger/IMG_6567.npy,the-finger,the-finger,0.978396475315094,True
IMG_6568,./test/skeleton_final_v2/the-finger/IMG_6568.npy,the-finger,the-finger,0.9626893401145935,True
IMG_6638,./test/skeleton_final_v2/the-finger/IMG_6638.npy,the-finger,scissors,0.9661993980407715,False
IMG_6640,./test/skeleton_final_v2/the-finger/IMG_6640.npy,the-finger,the-finger,0.9992712140083313,True
IMG_6677,./test/skeleton_final_v2/the-finger/IMG_6677.npy,the-finger,the-finger,0.9995390176773071,True
IMG_6678,./test/skeleton_final_v2/the-finger/IMG_6678.npy,the-finger,the-finger,0.9994021654129028,True
IMG_6715,./test/skeleton_final_v2/the-finger/IMG_6715.npy,the-finger,the-finger,0.9515059590339661,True
IMG_6718,./test/skeleton_final_v2/the-finger/IMG_6718.npy,the-finger,scissors,0.858253002166748,False
IMG_6719,./test/skeleton_final_v2/the-finger/IMG_6719.npy,the-finger,the-finger,0.9140712022781372,True
IMG_6752,./test/skeleton_final_v2/the-finger/IMG_6752.npy,the-finger,the-finger,0.948576033115387,True
IMG_6754,./test/skeleton_final_v2/the-finger/IMG_6754.npy,the-finger,the-finger,0.9778256416320801,True
IMG_6787,./test/skeleton_final_v2/the-finger/IMG_6787.npy,the-finger,the-finger,0.9979060888290405,True
IMG_6817,./test/skeleton_final_v2/the-finger/IMG_6817.npy,the-finger,ok,0.9540354013442993,False
IMG_6819,./test/skeleton_final_v2/the-finger/IMG_6819.npy,the-finger,the-finger,0.9766659140586853,True
IMG_6820,./test/skeleton_final_v2/the-finger/IMG_6820.npy,the-finger,rock,0.48691698908805847,False
IMG_6847,./test/skeleton_final_v2/the-finger/IMG_6847.npy,the-finger,the-finger,0.9968878626823425,True
IMG_6850,./test/skeleton_final_v2/the-finger/IMG_6850.npy,the-finger,ok,0.5607429146766663,False
IMG_6884,./test/skeleton_final_v2/the-finger/IMG_6884.npy,the-finger,scissors,0.7222906947135925,False
IMG_6885,./test/skeleton_final_v2/the-finger/IMG_6885.npy,the-finger,rock,0.38438668847084045,False
IMG_6919,./test/skeleton_final_v2/the-finger/IMG_6919.npy,the-finger,the-finger,0.9993883371353149,True
IMG_6920,./test/skeleton_final_v2/the-finger/IMG_6920.npy,the-finger,the-finger,0.44511669874191284,True
IMG_6922,./test/skeleton_final_v2/the-finger/IMG_6922.npy,the-finger,the-finger,0.9977555871009827,True
IMG_6949,./test/skeleton_final_v2/the-finger/IMG_6949.npy,the-finger,the-finger,0.9951007962226868,True
IMG_6979,./test/skeleton_final_v2/the-finger/IMG_6979.npy,the-finger,the-finger,0.9991150498390198,True
IMG_6980,./test/skeleton_final_v2/the-finger/IMG_6980.npy,the-finger,the-finger,0.9786761403083801,True
IMG_7050,./test/skeleton_final_v2/the-finger/IMG_7050.npy,the-finger,scissors,0.4557856321334839,False
IMG_7051,./test/skeleton_final_v2/the-finger/IMG_7051.npy,the-finger,the-finger,0.7152954339981079,True
IMG_7052,./test/skeleton_final_v2/the-finger/IMG_7052.npy,the-finger,the-finger,0.7803112864494324,True
IMG_7053,./test/skeleton_final_v2/the-finger/IMG_7053.npy,the-finger,the-finger,0.9852547645568848,True
IMG_7083,./test/skeleton_final_v2/the-finger/IMG_7083.npy,the-finger,the-finger,0.9175456762313843,True
IMG_7084,./test/skeleton_final_v2/the-finger/IMG_7084.npy,the-finger,the-finger,0.9797971844673157,True
IMG_7273,./test/skeleton_final_v2/the-finger/IMG_7273.npy,the-finger,rock,0.7718182802200317,False
IMG_7300,./test/skeleton_final_v2/the-finger/IMG_7300.npy,the-finger,the-finger,0.9968239068984985,True
IMG_7334,./test/skeleton_final_v2/the-finger/IMG_7334.npy,the-finger,the-finger,0.9926353096961975,True
IMG_7335,./test/skeleton_final_v2/the-finger/IMG_7335.npy,the-finger,the-finger,0.8385217189788818,True
IMG_7365,./test/skeleton_final_v2/the-finger/IMG_7365.npy,the-finger,the-finger,0.9974201917648315,True
IMG_7366,./test/skeleton_final_v2/the-finger/IMG_7366.npy,the-finger,the-finger,0.9982995390892029,True
IMG_7397,./test/skeleton_final_v2/the-finger/IMG_7397.npy,the-finger,the-finger,0.9993624091148376,True
IMG_7401,./test/skeleton_final_v2/the-finger/IMG_7401.npy,the-finger,the-finger,0.99652498960495,True
IMG_7429,./test/skeleton_final_v2/the-finger/IMG_7429.npy,the-finger,the-finger,0.9859733581542969,True
IMG_7430,./test/skeleton_final_v2/the-finger/IMG_7430.npy,the-finger,the-finger,0.9940139651298523,True
IMG_7461,./test/skeleton_final_v2/the-finger/IMG_7461.npy,the-finger,the-finger,0.9959391355514526,True
IMG_7462,./test/skeleton_final_v2/the-finger/IMG_7462.npy,the-finger,ok,0.9969026446342468,False
IMG_7465,./test/skeleton_final_v2/the-finger/IMG_7465.npy,the-finger,the-finger,0.7971477508544922,True
IMG_7498,./test/skeleton_final_v2/the-finger/IMG_7498.npy,the-finger,the-finger,0.9940981864929199,True
IMG_7530,./test/skeleton_final_v2/the-finger/IMG_7530.npy,the-finger,the-finger,0.7723430395126343,True
IMG_7563,./test/skeleton_final_v2/the-finger/IMG_7563.npy,the-finger,ok,0.4872802197933197,False
IMG_7564,./test/skeleton_final_v2/the-finger/IMG_7564.npy,the-finger,the-finger,0.9980121850967407,True
IMG_7565,./test/skeleton_final_v2/the-finger/IMG_7565.npy,the-finger,the-finger,0.7641980648040771,True
IMG_7594,./test/skeleton_final_v2/the-finger/IMG_7594.npy,the-finger,the-finger,0.971818745136261,True
IMG_7629,./test/skeleton_final_v2/the-finger/IMG_7629.npy,the-finger,the-finger,0.9953967928886414,True
IMG_7634,./test/skeleton_final_v2/the-finger/IMG_7634.npy,the-finger,the-finger,0.7869940996170044,True
IMG_7672,./test/skeleton_final_v2/the-finger/IMG_7672.npy,the-finger,the-finger,0.9902500510215759,True
IMG_7703,./test/skeleton_final_v2/the-finger/IMG_7703.npy,the-finger,the-finger,0.998708963394165,True
IMG_7704,./test/skeleton_final_v2/the-finger/IMG_7704.npy,the-finger,the-finger,0.9098476767539978,True
IMG_7705,./test/skeleton_final_v2/the-finger/IMG_7705.npy,the-finger,the-finger,0.9615110754966736,True
IMG_7706,./test/skeleton_final_v2/the-finger/IMG_7706.npy,the-finger,the-finger,0.9746609926223755,True
IMG_7734,./test/skeleton_final_v2/the-finger/IMG_7734.npy,the-finger,the-finger,0.98976069688797,True
IMG_7765,./test/skeleton_final_v2/the-finger/IMG_7765.npy,the-finger,the-finger,0.9993554949760437,True
IMG_7766,./test/skeleton_final_v2/the-finger/IMG_7766.npy,the-finger,the-finger,0.9988723397254944,True
IMG_7768,./test/skeleton_final_v2/the-finger/IMG_7768.npy,the-finger,the-finger,0.9907141923904419,True
IMG_7797,./test/skeleton_final_v2/the-finger/IMG_7797.npy,the-finger,the-finger,0.9633721113204956,True
IMG_7798,./test/skeleton_final_v2/the-finger/IMG_7798.npy,the-finger,the-finger,0.9994502663612366,True
IMG_7799,./test/skeleton_final_v2/the-finger/IMG_7799.npy,the-finger,the-finger,0.8804402947425842,True
IMG_7800,./test/skeleton_final_v2/the-finger/IMG_7800.npy,the-finger,the-finger,0.9992473125457764,True
IMG_7868,./test/skeleton_final_v2/the-finger/IMG_7868.npy,the-finger,the-finger,0.9415210485458374,True
IMG_7870,./test/skeleton_final_v2/the-finger/IMG_7870.npy,the-finger,the-finger,0.9872962236404419,True
IMG_7871,./test/skeleton_final_v2/the-finger/IMG_7871.npy,the-finger,the-finger,0.999525785446167,True
IMG_7904,./test/skeleton_final_v2/the-finger/IMG_7904.npy,the-finger,the-finger,0.9702032208442688,True
IMG_7905,./test/skeleton_final_v2/the-finger/IMG_7905.npy,the-finger,the-finger,0.9909147024154663,True
IMG_7934,./test/skeleton_final_v2/the-finger/IMG_7934.npy,the-finger,rock,0.9369982481002808,False
IMG_7935,./test/skeleton_final_v2/the-finger/IMG_7935.npy,the-finger,the-finger,0.998792290687561,True
IMG_7963,./test/skeleton_final_v2/the-finger/IMG_7963.npy,the-finger,paper,0.9742907285690308,False
IMG_7966,./test/skeleton_final_v2/the-finger/IMG_7966.npy,the-finger,the-finger,0.9976646900177002,True
IMG_8026,./test/skeleton_final_v2/the-finger/IMG_8026.npy,the-finger,the-finger,0.999421238899231,True
IMG_8027,./test/skeleton_final_v2/the-finger/IMG_8027.npy,the-finger,the-finger,0.9944908618927002,True
IMG_8030,./test/skeleton_final_v2/the-finger/IMG_8030.npy,the-finger,scissors,0.9128379225730896,False
IMG_8059,./test/skeleton_final_v2/the-finger/IMG_8059.npy,the-finger,the-finger,0.8321190476417542,True
IMG_8092,./test/skeleton_final_v2/the-finger/IMG_8092.npy,the-finger,the-finger,0.9778072237968445,True
IMG_8095,./test/skeleton_final_v2/the-finger/IMG_8095.npy,the-finger,the-finger,0.9413730502128601,True
IMG_8122,./test/skeleton_final_v2/the-finger/IMG_8122.npy,the-finger,the-finger,0.9985313415527344,True
IMG_8162,./test/skeleton_final_v2/the-finger/IMG_8162.npy,the-finger,the-finger,0.9886892437934875,True
IMG_8192,./test/skeleton_final_v2/the-finger/IMG_8192.npy,the-finger,scissors,0.9495758414268494,False
IMG_6299,./test/skeleton_final_v2/thumbdown/IMG_6299.npy,thumb,thumb,0.9975762963294983,True
IMG_6301,./test/skeleton_final_v2/thumbdown/IMG_6301.npy,thumb,thumb,0.9977828860282898,True
IMG_6302,./test/skeleton_final_v2/thumbdown/IMG_6302.npy,thumb,thumb,0.994568943977356,True
IMG_6338,./test/skeleton_final_v2/thumbdown/IMG_6338.npy,thumb,thumb,0.9967551827430725,True
IMG_6368,./test/skeleton_final_v2/thumbdown/IMG_6368.npy,thumb,thumb,0.9990309476852417,True
IMG_6444,./test/skeleton_final_v2/thumbdown/IMG_6444.npy,thumb,thumb,0.9980707764625549,True
IMG_6447,./test/skeleton_final_v2/thumbdown/IMG_6447.npy,thumb,rock,0.8885561227798462,False
IMG_6483,./test/skeleton_final_v2/thumbdown/IMG_6483.npy,thumb,thumb,0.997008740901947,True
IMG_6485,./test/skeleton_final_v2/thumbdown/IMG_6485.npy,thumb,the-finger,0.9106345772743225,False
IMG_6522,./test/skeleton_final_v2/thumbdown/IMG_6522.npy,thumb,thumb,0.9685227274894714,True
IMG_6524,./test/skeleton_final_v2/thumbdown/IMG_6524.npy,thumb,rock,0.5752218961715698,False
IMG_6525,./test/skeleton_final_v2/thumbdown/IMG_6525.npy,thumb,thumb,0.8942522406578064,True
IMG_6561,./test/skeleton_final_v2/thumbdown/IMG_6561.npy,thumb,thumb,0.9953603148460388,True
IMG_6562,./test/skeleton_final_v2/thumbdown/IMG_6562.npy,thumb,thumb,0.9993890523910522,True
IMG_6564,./test/skeleton_final_v2/thumbdown/IMG_6564.npy,thumb,thumb,0.9985246062278748,True
IMG_6565,./test/skeleton_final_v2/thumbdown/IMG_6565.npy,thumb,thumb,0.9983024597167969,True
IMG_6601,./test/skeleton_final_v2/thumbdown/IMG_6601.npy,thumb,rock,0.49206337332725525,False
IMG_6633,./test/skeleton_final_v2/thumbdown/IMG_6633.npy,thumb,thumb,0.997386634349823,True
IMG_6634,./test/skeleton_final_v2/thumbdown/IMG_6634.npy,thumb,thumb,0.9382773637771606,True
IMG_6635,./test/skeleton_final_v2/thumbdown/IMG_6635.npy,thumb,thumb,0.8463996052742004,True
IMG_6636,./test/skeleton_final_v2/thumbdown/IMG_6636.npy,thumb,thumb,0.5062932968139648,True
IMG_6742,./test/skeleton_final_v2/thumbdown/IMG_6742.npy,thumb,thumb,0.9991267323493958,True
IMG_6747,./test/skeleton_final_v2/thumbdown/IMG_6747.npy,thumb,thumb,0.9702427387237549,True
IMG_6749,./test/skeleton_final_v2/thumbdown/IMG_6749.npy,thumb,thumb,0.9886149168014526,True
IMG_6811,./test/skeleton_final_v2/thumbdown/IMG_6811.npy,thumb,thumb,0.9873266816139221,True
IMG_6813,./test/skeleton_final_v2/thumbdown/IMG_6813.npy,thumb,thumb,0.9900771379470825,True
IMG_6814,./test/skeleton_final_v2/thumbdown/IMG_6814.npy,thumb,thumb,0.9964794516563416,True
IMG_6841,./test/skeleton_final_v2/thumbdown/IMG_6841.npy,thumb,thumb,0.998871386051178,True
IMG_6878,./test/skeleton_final_v2/thumbdown/IMG_6878.npy,thumb,thumb,0.976473331451416,True
IMG_6879,./test/skeleton_final_v2/thumbdown/IMG_6879.npy,thumb,thumb,0.9987340569496155,True
IMG_6896,./test/skeleton_final_v2/thumbdown/IMG_6896.npy,thumb,thumb,0.9545090198516846,True
IMG_6898,./test/skeleton_final_v2/thumbdown/IMG_6898.npy,thumb,thumb,0.9984256029129028,True
IMG_6946,./test/skeleton_final_v2/thumbdown/IMG_6946.npy,thumb,thumb,0.9899905920028687,True
IMG_6947,./test/skeleton_final_v2/thumbdown/IMG_6947.npy,thumb,thumb,0.9641597270965576,True
IMG_6976,./test/skeleton_final_v2/thumbdown/IMG_6976.npy,thumb,thumb,0.997732400894165,True
IMG_7044,./test/skeleton_final_v2/thumbdown/IMG_7044.npy,thumb,thumb,0.980237603187561,True
IMG_7048,./test/skeleton_final_v2/thumbdown/IMG_7048.npy,thumb,thumb,0.9909678101539612,True
IMG_7079,./test/skeleton_final_v2/thumbdown/IMG_7079.npy,thumb,thumb,0.9645651578903198,True
IMG_7081,./test/skeleton_final_v2/thumbdown/IMG_7081.npy,thumb,thumb,0.9967901110649109,True
IMG_7236,./test/skeleton_final_v2/thumbdown/IMG_7236.npy,thumb,thumb,0.9018791317939758,True
IMG_7267,./test/skeleton_final_v2/thumbdown/IMG_7267.npy,thumb,thumb,0.9864756464958191,True
IMG_7268,./test/skeleton_final_v2/thumbdown/IMG_7268.npy,thumb,thumb,0.9979921579360962,True
IMG_7297,./test/skeleton_final_v2/thumbdown/IMG_7297.npy,thumb,thumb,0.9613475203514099,True
IMG_7330,./test/skeleton_final_v2/thumbdown/IMG_7330.npy,thumb,thumb,0.9912443161010742,True
IMG_7331,./test/skeleton_final_v2/thumbdown/IMG_7331.npy,thumb,thumb,0.9278590679168701,True
IMG_7388,./test/skeleton_final_v2/thumbdown/IMG_7388.npy,thumb,rock,0.7483975291252136,False
IMG_7424,./test/skeleton_final_v2/thumbdown/IMG_7424.npy,thumb,thumb,0.931135892868042,True
IMG_7426,./test/skeleton_final_v2/thumbdown/IMG_7426.npy,thumb,thumb,0.8932173848152161,True
IMG_7457,./test/skeleton_final_v2/thumbdown/IMG_7457.npy,thumb,thumb,0.9761782288551331,True
IMG_7459,./test/skeleton_final_v2/thumbdown/IMG_7459.npy,thumb,thumb,0.9979335069656372,True
IMG_7557,./test/skeleton_final_v2/thumbdown/IMG_7557.npy,thumb,thumb,0.9903600215911865,True
IMG_7625,./test/skeleton_final_v2/thumbdown/IMG_7625.npy,thumb,thumb,0.5159878730773926,True
IMG_6293,./test/skeleton_final_v2/thumbup/IMG_6293.npy,thumb,thumb,0.9963892698287964,True
IMG_6295,./test/skeleton_final_v2/thumbup/IMG_6295.npy,thumb,thumb,0.9893536567687988,True
IMG_6331,./test/skeleton_final_v2/thumbup/IMG_6331.npy,thumb,thumb,0.9794347882270813,True
IMG_6332,./test/skeleton_final_v2/thumbup/IMG_6332.npy,thumb,thumb,0.9990034699440002,True
IMG_6334,./test/skeleton_final_v2/thumbup/IMG_6334.npy,thumb,thumb,0.999427318572998,True
IMG_6374,./test/skeleton_final_v2/thumbup/IMG_6374.npy,thumb,thumb,0.9982573390007019,True
IMG_6375,./test/skeleton_final_v2/thumbup/IMG_6375.npy,thumb,thumb,0.9990614056587219,True
IMG_6402,./test/skeleton_final_v2/thumbup/IMG_6402.npy,thumb,thumb,0.9990917444229126,True
IMG_6403,./test/skeleton_final_v2/thumbup/IMG_6403.npy,thumb,thumb,0.9778628349304199,True
IMG_6438,./test/skeleton_final_v2/thumbup/IMG_6438.npy,thumb,thumb,0.9991734623908997,True
IMG_6477,./test/skeleton_final_v2/thumbup/IMG_6477.npy,thumb,thumb,0.8535585403442383,True
IMG_6479,./test/skeleton_final_v2/thumbup/IMG_6479.npy,thumb,thumb,0.9993404746055603,True
IMG_6480,./test/skeleton_final_v2/thumbup/IMG_6480.npy,thumb,thumb,0.6077762246131897,True
IMG_6521,./test/skeleton_final_v2/thumbup/IMG_6521.npy,thumb,thumb,0.9994483590126038,True
IMG_6537,./test/skeleton_final_v2/thumbup/IMG_6537.npy,thumb,thumb,0.9825589656829834,True
IMG_6557,./test/skeleton_final_v2/thumbup/IMG_6557.npy,thumb,thumb,0.9243183732032776,True
IMG_6558,./test/skeleton_final_v2/thumbup/IMG_6558.npy,thumb,thumb,0.9983749389648438,True
IMG_6596,./test/skeleton_final_v2/thumbup/IMG_6596.npy,thumb,thumb,0.9976441264152527,True
IMG_6663,./test/skeleton_final_v2/thumbup/IMG_6663.npy,thumb,thumb,0.9887406229972839,True
IMG_6664,./test/skeleton_final_v2/thumbup/IMG_6664.npy,thumb,thumb,0.9936044812202454,True
IMG_6667,./test/skeleton_final_v2/thumbup/IMG_6667.npy,thumb,rock,0.6722913980484009,False
IMG_6682,./test/skeleton_final_v2/thumbup/IMG_6682.npy,thumb,thumb,0.9947659969329834,True
IMG_6686,./test/skeleton_final_v2/thumbup/IMG_6686.npy,thumb,thumb,0.9971091151237488,True
IMG_6688,./test/skeleton_final_v2/thumbup/IMG_6688.npy,thumb,thumb,0.9857349991798401,True
IMG_6689,./test/skeleton_final_v2/thumbup/IMG_6689.npy,thumb,thumb,0.9800590872764587,True
IMG_6745,./test/skeleton_final_v2/thumbup/IMG_6745.npy,thumb,thumb,0.9985167384147644,True
IMG_6776,./test/skeleton_final_v2/thumbup/IMG_6776.npy,thumb,thumb,0.9873616695404053,True
IMG_6809,./test/skeleton_final_v2/thumbup/IMG_6809.npy,thumb,thumb,0.9952982068061829,True
IMG_6810,./test/skeleton_final_v2/thumbup/IMG_6810.npy,thumb,thumb,0.9987481832504272,True
IMG_6840,./test/skeleton_final_v2/thumbup/IMG_6840.npy,thumb,thumb,0.9984675049781799,True
IMG_6875,./test/skeleton_final_v2/thumbup/IMG_6875.npy,thumb,thumb,0.9975051283836365,True
IMG_6886,./test/skeleton_final_v2/thumbup/IMG_6886.npy,thumb,thumb,0.9599588513374329,True
IMG_6887,./test/skeleton_final_v2/thumbup/IMG_6887.npy,thumb,thumb,0.9963499307632446,True
IMG_6889,./test/skeleton_final_v2/thumbup/IMG_6889.npy,thumb,thumb,0.9984273910522461,True
IMG_6941,./test/skeleton_final_v2/thumbup/IMG_6941.npy,thumb,thumb,0.9954909682273865,True
IMG_6943,./test/skeleton_final_v2/thumbup/IMG_6943.npy,thumb,thumb,0.9988779425621033,True
IMG_6971,./test/skeleton_final_v2/thumbup/IMG_6971.npy,thumb,the-finger,0.7645081281661987,False
IMG_7005,./test/skeleton_final_v2/thumbup/IMG_7005.npy,thumb,thumb,0.9986181259155273,True
IMG_7006,./test/skeleton_final_v2/thumbup/IMG_7006.npy,thumb,thumb,0.998178243637085,True
IMG_7008,./test/skeleton_final_v2/thumbup/IMG_7008.npy,thumb,thumb,0.9950992465019226,True
IMG_7039,./test/skeleton_final_v2/thumbup/IMG_7039.npy,thumb,the-finger,0.9697703719139099,False
IMG_7041,./test/skeleton_final_v2/thumbup/IMG_7041.npy,thumb,thumb,0.9984270334243774,True
IMG_7042,./test/skeleton_final_v2/thumbup/IMG_7042.npy,thumb,thumb,0.9974168539047241,True
IMG_7074,./test/skeleton_final_v2/thumbup/IMG_7074.npy,thumb,thumb,0.9935331344604492,True
IMG_7263,./test/skeleton_final_v2/thumbup/IMG_7263.npy,thumb,thumb,0.9987887740135193,True
IMG_7326,./test/skeleton_final_v2/thumbup/IMG_7326.npy,thumb,thumb,0.9932621121406555,True
IMG_7361,./test/skeleton_final_v2/thumbup/IMG_7361.npy,thumb,thumb,0.9962708950042725,True
IMG_7384,./test/skeleton_final_v2/thumbup/IMG_7384.npy,thumb,thumb,0.9742016792297363,True
IMG_7453,./test/skeleton_final_v2/thumbup/IMG_7453.npy,thumb,thumb,0.9994345307350159,True
IMG_7487,./test/skeleton_final_v2/thumbup/IMG_7487.npy,thumb,thumb,0.9992613196372986,True
IMG_7556,./test/skeleton_final_v2/thumbup/IMG_7556.npy,thumb,thumb,0.999484658241272,True
IMG_7621,./test/skeleton_final_v2/thumbup/IMG_7621.npy,thumb,thumb,0.9986379742622375,True
IMG_7622,./test/skeleton_final_v2/thumbup/IMG_7622.npy,thumb,thumb,0.9994557499885559,True
IMG_7623,./test/skeleton_final_v2/thumbup/IMG_7623.npy,thumb,thumb,0.9953058362007141,True
IMG_7727,./test/skeleton_final_v2/thumbup/IMG_7727.npy,thumb,thumb,0.9845847487449646,True
IMG_7760,./test/skeleton_final_v2/thumbup/IMG_7760.npy,thumb,thumb,0.9970701932907104,True
IMG_7787,./test/skeleton_final_v2/thumbup/IMG_7787.npy,thumb,thumb,0.9989460110664368,True
IMG_7788,./test/skeleton_final_v2/thumbup/IMG_7788.npy,thumb,thumb,0.9993951320648193,True
IMG_7789,./test/skeleton_final_v2/thumbup/IMG_7789.npy,thumb,scissors,0.38316628336906433,False
IMG_7790,./test/skeleton_final_v2/thumbup/IMG_7790.npy,thumb,thumb,0.999007523059845,True
IMG_7860,./test/skeleton_final_v2/thumbup/IMG_7860.npy,thumb,thumb,0.998842716217041,True
IMG_7894,./test/skeleton_final_v2/thumbup/IMG_7894.npy,thumb,thumb,0.9987899661064148,True
IMG_8020,./test/skeleton_final_v2/thumbup/IMG_8020.npy,thumb,thumb,0.8404695987701416,True
IMG_8113,./test/skeleton_final_v2/thumbup/IMG_8113.npy,thumb,thumb,0.9993491768836975,True
IMG_8117,./test/skeleton_final_v2/thumbup/IMG_8117.npy,thumb,thumb,0.9988487958908081,True
IMG_8145,./test/skeleton_final_v2/thumbup/IMG_8145.npy,thumb,rock,0.8898618221282959,False
IMG_8146,./test/skeleton_final_v2/thumbup/IMG_8146.npy,thumb,thumb,0.9747289419174194,True
IMG_8148,./test/skeleton_final_v2/thumbup/IMG_8148.npy,thumb,thumb,0.7820003628730774,True
IMG_8181,./test/skeleton_final_v2/thumbup/IMG_8181.npy,thumb,thumb,0.9975773692131042,True
IMG_8183,./test/skeleton_final_v2/thumbup/IMG_8183.npy,thumb,thumb,0.9990768432617188,True
