action,sample_id,input_path,split,handedness
ok,IMG_6289,./test/droh_real2d_wristnorm/ok/IMG_6289.npy,test,Left
ok,IMG_6290,./test/droh_real2d_wristnorm/ok/IMG_6290.npy,test,Left
ok,IMG_6292,./test/droh_real2d_wristnorm/ok/IMG_6292.npy,test,Left
ok,IMG_6327,./test/droh_real2d_wristnorm/ok/IMG_6327.npy,test,Left
ok,IMG_6329,./test/droh_real2d_wristnorm/ok/IMG_6329.npy,test,Left
ok,IMG_6362,./test/droh_real2d_wristnorm/ok/IMG_6362.npy,test,Left
ok,IMG_6363,./test/droh_real2d_wristnorm/ok/IMG_6363.npy,test,Left
ok,IMG_6396,./test/droh_real2d_wristnorm/ok/IMG_6396.npy,test,Left
ok,IMG_6434,./test/droh_real2d_wristnorm/ok/IMG_6434.npy,test,Left
ok,IMG_6437,./test/droh_real2d_wristnorm/ok/IMG_6437.npy,test,Left
ok,IMG_6472,./test/droh_real2d_wristnorm/ok/IMG_6472.npy,test,Right
ok,IMG_6474,./test/droh_real2d_wristnorm/ok/IMG_6474.npy,test,Right
ok,IMG_6512,./test/droh_real2d_wristnorm/ok/IMG_6512.npy,test,Left
ok,IMG_6554,./test/droh_real2d_wristnorm/ok/IMG_6554.npy,test,Right
ok,IMG_6555,./test/droh_real2d_wristnorm/ok/IMG_6555.npy,test,Left
ok,IMG_6591,./test/droh_real2d_wristnorm/ok/IMG_6591.npy,test,Left
ok,IMG_6623,./test/droh_real2d_wristnorm/ok/IMG_6623.npy,test,Left
ok,IMG_6624,./test/droh_real2d_wristnorm/ok/IMG_6624.npy,test,Left
ok,IMG_6712,./test/droh_real2d_wristnorm/ok/IMG_6712.npy,test,Left
ok,IMG_6714,./test/droh_real2d_wristnorm/ok/IMG_6714.npy,test,Left
ok,IMG_6738,./test/droh_real2d_wristnorm/ok/IMG_6738.npy,test,Right
ok,IMG_6803,./test/droh_real2d_wristnorm/ok/IMG_6803.npy,test,Left
ok,IMG_6805,./test/droh_real2d_wristnorm/ok/IMG_6805.npy,test,Left
ok,IMG_6834,./test/droh_real2d_wristnorm/ok/IMG_6834.npy,test,Right
ok,IMG_6835,./test/droh_real2d_wristnorm/ok/IMG_6835.npy,test,Right
ok,IMG_6937,./test/droh_real2d_wristnorm/ok/IMG_6937.npy,test,Left
ok,IMG_6938,./test/droh_real2d_wristnorm/ok/IMG_6938.npy,test,Left
ok,IMG_6967,./test/droh_real2d_wristnorm/ok/IMG_6967.npy,test,Left
ok,IMG_6968,./test/droh_real2d_wristnorm/ok/IMG_6968.npy,test,Left
ok,IMG_6969,./test/droh_real2d_wristnorm/ok/IMG_6969.npy,test,Left
ok,IMG_6970,./test/droh_real2d_wristnorm/ok/IMG_6970.npy,test,Left
ok,IMG_7001,./test/droh_real2d_wristnorm/ok/IMG_7001.npy,test,Left
ok,IMG_7036,./test/droh_real2d_wristnorm/ok/IMG_7036.npy,test,Right
ok,IMG_7037,./test/droh_real2d_wristnorm/ok/IMG_7037.npy,test,Right
ok,IMG_7038,./test/droh_real2d_wristnorm/ok/IMG_7038.npy,test,Right
ok,IMG_7070,./test/droh_real2d_wristnorm/ok/IMG_7070.npy,test,Right
ok,IMG_7072,./test/droh_real2d_wristnorm/ok/IMG_7072.npy,test,Right
ok,IMG_7073,./test/droh_real2d_wristnorm/ok/IMG_7073.npy,test,Right
ok,IMG_7227,./test/droh_real2d_wristnorm/ok/IMG_7227.npy,test,Left
ok,IMG_7228,./test/droh_real2d_wristnorm/ok/IMG_7228.npy,test,Left
ok,IMG_7258,./test/droh_real2d_wristnorm/ok/IMG_7258.npy,test,Left
ok,IMG_7259,./test/droh_real2d_wristnorm/ok/IMG_7259.npy,test,Left
ok,IMG_7260,./test/droh_real2d_wristnorm/ok/IMG_7260.npy,test,Left
ok,IMG_7288,./test/droh_real2d_wristnorm/ok/IMG_7288.npy,test,Left
ok,IMG_7290,./test/droh_real2d_wristnorm/ok/IMG_7290.npy,test,Left
ok,IMG_7291,./test/droh_real2d_wristnorm/ok/IMG_7291.npy,test,Left
ok,IMG_7322,./test/droh_real2d_wristnorm/ok/IMG_7322.npy,test,Left
ok,IMG_7323,./test/droh_real2d_wristnorm/ok/IMG_7323.npy,test,Left
ok,IMG_7351,./test/droh_real2d_wristnorm/ok/IMG_7351.npy,test,Left
ok,IMG_7352,./test/droh_real2d_wristnorm/ok/IMG_7352.npy,test,Left
ok,IMG_7354,./test/droh_real2d_wristnorm/ok/IMG_7354.npy,test,Right
ok,IMG_7355,./test/droh_real2d_wristnorm/ok/IMG_7355.npy,test,Left
ok,IMG_7391,./test/droh_real2d_wristnorm/ok/IMG_7391.npy,test,Right
ok,IMG_7394,./test/droh_real2d_wristnorm/ok/IMG_7394.npy,test,Right
ok,IMG_7416,./test/droh_real2d_wristnorm/ok/IMG_7416.npy,test,Right
ok,IMG_7418,./test/droh_real2d_wristnorm/ok/IMG_7418.npy,test,Right
ok,IMG_7448,./test/droh_real2d_wristnorm/ok/IMG_7448.npy,test,Left
ok,IMG_7484,./test/droh_real2d_wristnorm/ok/IMG_7484.npy,test,Right
ok,IMG_7529,./test/droh_real2d_wristnorm/ok/IMG_7529.npy,test,Right
ok,IMG_7550,./test/droh_real2d_wristnorm/ok/IMG_7550.npy,test,Left
ok,IMG_7581,./test/droh_real2d_wristnorm/ok/IMG_7581.npy,test,Right
ok,IMG_7582,./test/droh_real2d_wristnorm/ok/IMG_7582.npy,test,Left
ok,IMG_7583,./test/droh_real2d_wristnorm/ok/IMG_7583.npy,test,Left
ok,IMG_7584,./test/droh_real2d_wristnorm/ok/IMG_7584.npy,test,Left
ok,IMG_7585,./test/droh_real2d_wristnorm/ok/IMG_7585.npy,test,Left
ok,IMG_7613,./test/droh_real2d_wristnorm/ok/IMG_7613.npy,test,Left
ok,IMG_7614,./test/droh_real2d_wristnorm/ok/IMG_7614.npy,test,Left
ok,IMG_7616,./test/droh_real2d_wristnorm/ok/IMG_7616.npy,test,Left
ok,IMG_7617,./test/droh_real2d_wristnorm/ok/IMG_7617.npy,test,Left
ok,IMG_7618,./test/droh_real2d_wristnorm/ok/IMG_7618.npy,test,Left
ok,IMG_7655,./test/droh_real2d_wristnorm/ok/IMG_7655.npy,test,Left
ok,IMG_7656,./test/droh_real2d_wristnorm/ok/IMG_7656.npy,test,Left
ok,IMG_7657,./test/droh_real2d_wristnorm/ok/IMG_7657.npy,test,Left
ok,IMG_7660,./test/droh_real2d_wristnorm/ok/IMG_7660.npy,test,Left
ok,IMG_7690,./test/droh_real2d_wristnorm/ok/IMG_7690.npy,test,Left
ok,IMG_7691,./test/droh_real2d_wristnorm/ok/IMG_7691.npy,test,Right
ok,IMG_7693,./test/droh_real2d_wristnorm/ok/IMG_7693.npy,test,Left
ok,IMG_7722,./test/droh_real2d_wristnorm/ok/IMG_7722.npy,test,Right
ok,IMG_7723,./test/droh_real2d_wristnorm/ok/IMG_7723.npy,test,Right
ok,IMG_7753,./test/droh_real2d_wristnorm/ok/IMG_7753.npy,test,Left
ok,IMG_7756,./test/droh_real2d_wristnorm/ok/IMG_7756.npy,test,Left
ok,IMG_7782,./test/droh_real2d_wristnorm/ok/IMG_7782.npy,test,Right
ok,IMG_7783,./test/droh_real2d_wristnorm/ok/IMG_7783.npy,test,Left
ok,IMG_7786,./test/droh_real2d_wristnorm/ok/IMG_7786.npy,test,Left
ok,IMG_7854,./test/droh_real2d_wristnorm/ok/IMG_7854.npy,test,Left
ok,IMG_7887,./test/droh_real2d_wristnorm/ok/IMG_7887.npy,test,Left
ok,IMG_7888,./test/droh_real2d_wristnorm/ok/IMG_7888.npy,test,Left
ok,IMG_7890,./test/droh_real2d_wristnorm/ok/IMG_7890.npy,test,Left
ok,IMG_7891,./test/droh_real2d_wristnorm/ok/IMG_7891.npy,test,Left
ok,IMG_7922,./test/droh_real2d_wristnorm/ok/IMG_7922.npy,test,Left
ok,IMG_7948,./test/droh_real2d_wristnorm/ok/IMG_7948.npy,test,Left
ok,IMG_7950,./test/droh_real2d_wristnorm/ok/IMG_7950.npy,test,Left
ok,IMG_7951,./test/droh_real2d_wristnorm/ok/IMG_7951.npy,test,Left
ok,IMG_7980,./test/droh_real2d_wristnorm/ok/IMG_7980.npy,test,Right
ok,IMG_8014,./test/droh_real2d_wristnorm/ok/IMG_8014.npy,test,Left
ok,IMG_8046,./test/droh_real2d_wristnorm/ok/IMG_8046.npy,test,Left
ok,IMG_8047,./test/droh_real2d_wristnorm/ok/IMG_8047.npy,test,Left
ok,IMG_8049,./test/droh_real2d_wristnorm/ok/IMG_8049.npy,test,Left
ok,IMG_8087,./test/droh_real2d_wristnorm/ok/IMG_8087.npy,test,Left
ok,IMG_8088,./test/droh_real2d_wristnorm/ok/IMG_8088.npy,test,Left
ok,IMG_8089,./test/droh_real2d_wristnorm/ok/IMG_8089.npy,test,Right
ok,IMG_8091,./test/droh_real2d_wristnorm/ok/IMG_8091.npy,test,Left
ok,IMG_8109,./test/droh_real2d_wristnorm/ok/IMG_8109.npy,test,Left
ok,IMG_8110,./test/droh_real2d_wristnorm/ok/IMG_8110.npy,test,Left
ok,IMG_8177,./test/droh_real2d_wristnorm/ok/IMG_8177.npy,test,Right
ok,IMG_8178,./test/droh_real2d_wristnorm/ok/IMG_8178.npy,test,Left
paper,IMG_6274,./test/droh_real2d_wristnorm/paper/IMG_6274.npy,test,Left
paper,IMG_6275,./test/droh_real2d_wristnorm/paper/IMG_6275.npy,test,Left
paper,IMG_6276,./test/droh_real2d_wristnorm/paper/IMG_6276.npy,test,Left
paper,IMG_6277,./test/droh_real2d_wristnorm/paper/IMG_6277.npy,test,Left
paper,IMG_6279,./test/droh_real2d_wristnorm/paper/IMG_6279.npy,test,Right
paper,IMG_6280,./test/droh_real2d_wristnorm/paper/IMG_6280.npy,test,Left
paper,IMG_6323,./test/droh_real2d_wristnorm/paper/IMG_6323.npy,test,Left
paper,IMG_6324,./test/droh_real2d_wristnorm/paper/IMG_6324.npy,test,Left
paper,IMG_6325,./test/droh_real2d_wristnorm/paper/IMG_6325.npy,test,Left
paper,IMG_6326,./test/droh_real2d_wristnorm/paper/IMG_6326.npy,test,Left
paper,IMG_6355,./test/droh_real2d_wristnorm/paper/IMG_6355.npy,test,Left
paper,IMG_6358,./test/droh_real2d_wristnorm/paper/IMG_6358.npy,test,Left
paper,IMG_6359,./test/droh_real2d_wristnorm/paper/IMG_6359.npy,test,Left
paper,IMG_6391,./test/droh_real2d_wristnorm/paper/IMG_6391.npy,test,Left
paper,IMG_6392,./test/droh_real2d_wristnorm/paper/IMG_6392.npy,test,Left
paper,IMG_6393,./test/droh_real2d_wristnorm/paper/IMG_6393.npy,test,Left
paper,IMG_6395,./test/droh_real2d_wristnorm/paper/IMG_6395.npy,test,Left
paper,IMG_6427,./test/droh_real2d_wristnorm/paper/IMG_6427.npy,test,Left
paper,IMG_6429,./test/droh_real2d_wristnorm/paper/IMG_6429.npy,test,Left
paper,IMG_6430,./test/droh_real2d_wristnorm/paper/IMG_6430.npy,test,Left
paper,IMG_6431,./test/droh_real2d_wristnorm/paper/IMG_6431.npy,test,Left
paper,IMG_6467,./test/droh_real2d_wristnorm/paper/IMG_6467.npy,test,Right
paper,IMG_6468,./test/droh_real2d_wristnorm/paper/IMG_6468.npy,test,Right
paper,IMG_6469,./test/droh_real2d_wristnorm/paper/IMG_6469.npy,test,Right
paper,IMG_6504,./test/droh_real2d_wristnorm/paper/IMG_6504.npy,test,Left
paper,IMG_6505,./test/droh_real2d_wristnorm/paper/IMG_6505.npy,test,Left
paper,IMG_6508,./test/droh_real2d_wristnorm/paper/IMG_6508.npy,test,Left
paper,IMG_6546,./test/droh_real2d_wristnorm/paper/IMG_6546.npy,test,Left
paper,IMG_6547,./test/droh_real2d_wristnorm/paper/IMG_6547.npy,test,Left
paper,IMG_6548,./test/droh_real2d_wristnorm/paper/IMG_6548.npy,test,Right
paper,IMG_6549,./test/droh_real2d_wristnorm/paper/IMG_6549.npy,test,Left
paper,IMG_6550,./test/droh_real2d_wristnorm/paper/IMG_6550.npy,test,Left
paper,IMG_6582,./test/droh_real2d_wristnorm/paper/IMG_6582.npy,test,Left
paper,IMG_6583,./test/droh_real2d_wristnorm/paper/IMG_6583.npy,test,Left
paper,IMG_6584,./test/droh_real2d_wristnorm/paper/IMG_6584.npy,test,Left
paper,IMG_6585,./test/droh_real2d_wristnorm/paper/IMG_6585.npy,test,Left
paper,IMG_6619,./test/droh_real2d_wristnorm/paper/IMG_6619.npy,test,Left
paper,IMG_6622,./test/droh_real2d_wristnorm/paper/IMG_6622.npy,test,Left
paper,IMG_6653,./test/droh_real2d_wristnorm/paper/IMG_6653.npy,test,Left
paper,IMG_6654,./test/droh_real2d_wristnorm/paper/IMG_6654.npy,test,Left
paper,IMG_6655,./test/droh_real2d_wristnorm/paper/IMG_6655.npy,test,Left
paper,IMG_6656,./test/droh_real2d_wristnorm/paper/IMG_6656.npy,test,Right
paper,IMG_6708,./test/droh_real2d_wristnorm/paper/IMG_6708.npy,test,Left
paper,IMG_6709,./test/droh_real2d_wristnorm/paper/IMG_6709.npy,test,Right
paper,IMG_6710,./test/droh_real2d_wristnorm/paper/IMG_6710.npy,test,Right
paper,IMG_6732,./test/droh_real2d_wristnorm/paper/IMG_6732.npy,test,Right
paper,IMG_6767,./test/droh_real2d_wristnorm/paper/IMG_6767.npy,test,Right
paper,IMG_6799,./test/droh_real2d_wristnorm/paper/IMG_6799.npy,test,Left
paper,IMG_6830,./test/droh_real2d_wristnorm/paper/IMG_6830.npy,test,Right
paper,IMG_6861,./test/droh_real2d_wristnorm/paper/IMG_6861.npy,test,Left
paper,IMG_6862,./test/droh_real2d_wristnorm/paper/IMG_6862.npy,test,Left
paper,IMG_6864,./test/droh_real2d_wristnorm/paper/IMG_6864.npy,test,Left
paper,IMG_6865,./test/droh_real2d_wristnorm/paper/IMG_6865.npy,test,Left
paper,IMG_6909,./test/droh_real2d_wristnorm/paper/IMG_6909.npy,test,Left
paper,IMG_6910,./test/droh_real2d_wristnorm/paper/IMG_6910.npy,test,Left
paper,IMG_6911,./test/droh_real2d_wristnorm/paper/IMG_6911.npy,test,Left
paper,IMG_6913,./test/droh_real2d_wristnorm/paper/IMG_6913.npy,test,Left
paper,IMG_6934,./test/droh_real2d_wristnorm/paper/IMG_6934.npy,test,Left
paper,IMG_6935,./test/droh_real2d_wristnorm/paper/IMG_6935.npy,test,Left
paper,IMG_6963,./test/droh_real2d_wristnorm/paper/IMG_6963.npy,test,Left
paper,IMG_6964,./test/droh_real2d_wristnorm/paper/IMG_6964.npy,test,Left
paper,IMG_6965,./test/droh_real2d_wristnorm/paper/IMG_6965.npy,test,Left
paper,IMG_6994,./test/droh_real2d_wristnorm/paper/IMG_6994.npy,test,Left
paper,IMG_6995,./test/droh_real2d_wristnorm/paper/IMG_6995.npy,test,Right
paper,IMG_6996,./test/droh_real2d_wristnorm/paper/IMG_6996.npy,test,Left
paper,IMG_7033,./test/droh_real2d_wristnorm/paper/IMG_7033.npy,test,Right
paper,IMG_7064,./test/droh_real2d_wristnorm/paper/IMG_7064.npy,test,Right
paper,IMG_7065,./test/droh_real2d_wristnorm/paper/IMG_7065.npy,test,Right
paper,IMG_7067,./test/droh_real2d_wristnorm/paper/IMG_7067.npy,test,Right
paper,IMG_7068,./test/droh_real2d_wristnorm/paper/IMG_7068.npy,test,Right
paper,IMG_7222,./test/droh_real2d_wristnorm/paper/IMG_7222.npy,test,Left
paper,IMG_7223,./test/droh_real2d_wristnorm/paper/IMG_7223.npy,test,Left
paper,IMG_7224,./test/droh_real2d_wristnorm/paper/IMG_7224.npy,test,Left
paper,IMG_7254,./test/droh_real2d_wristnorm/paper/IMG_7254.npy,test,Left
paper,IMG_7285,./test/droh_real2d_wristnorm/paper/IMG_7285.npy,test,Left
paper,IMG_7286,./test/droh_real2d_wristnorm/paper/IMG_7286.npy,test,Left
paper,IMG_7316,./test/droh_real2d_wristnorm/paper/IMG_7316.npy,test,Left
paper,IMG_7317,./test/droh_real2d_wristnorm/paper/IMG_7317.npy,test,Left
paper,IMG_7345,./test/droh_real2d_wristnorm/paper/IMG_7345.npy,test,Left
paper,IMG_7347,./test/droh_real2d_wristnorm/paper/IMG_7347.npy,test,Left
paper,IMG_7349,./test/droh_real2d_wristnorm/paper/IMG_7349.npy,test,Left
paper,IMG_7382,./test/droh_real2d_wristnorm/paper/IMG_7382.npy,test,Right
paper,IMG_7414,./test/droh_real2d_wristnorm/paper/IMG_7414.npy,test,Right
paper,IMG_7443,./test/droh_real2d_wristnorm/paper/IMG_7443.npy,test,Left
paper,IMG_7446,./test/droh_real2d_wristnorm/paper/IMG_7446.npy,test,Left
paper,IMG_7447,./test/droh_real2d_wristnorm/paper/IMG_7447.npy,test,Left
paper,IMG_7476,./test/droh_real2d_wristnorm/paper/IMG_7476.npy,test,Right
paper,IMG_7477,./test/droh_real2d_wristnorm/paper/IMG_7477.npy,test,Right
paper,IMG_7513,./test/droh_real2d_wristnorm/paper/IMG_7513.npy,test,Right
paper,IMG_7515,./test/droh_real2d_wristnorm/paper/IMG_7515.npy,test,Left
paper,IMG_7545,./test/droh_real2d_wristnorm/paper/IMG_7545.npy,test,Left
paper,IMG_7578,./test/droh_real2d_wristnorm/paper/IMG_7578.npy,test,Left
paper,IMG_7579,./test/droh_real2d_wristnorm/paper/IMG_7579.npy,test,Left
paper,IMG_7609,./test/droh_real2d_wristnorm/paper/IMG_7609.npy,test,Left
paper,IMG_7610,./test/droh_real2d_wristnorm/paper/IMG_7610.npy,test,Right
paper,IMG_7611,./test/droh_real2d_wristnorm/paper/IMG_7611.npy,test,Left
paper,IMG_7652,./test/droh_real2d_wristnorm/paper/IMG_7652.npy,test,Left
paper,IMG_7653,./test/droh_real2d_wristnorm/paper/IMG_7653.npy,test,Left
paper,IMG_7717,./test/droh_real2d_wristnorm/paper/IMG_7717.npy,test,Right
paper,IMG_7718,./test/droh_real2d_wristnorm/paper/IMG_7718.npy,test,Right
paper,IMG_7719,./test/droh_real2d_wristnorm/paper/IMG_7719.npy,test,Right
paper,IMG_7720,./test/droh_real2d_wristnorm/paper/IMG_7720.npy,test,Left
paper,IMG_7750,./test/droh_real2d_wristnorm/paper/IMG_7750.npy,test,Left
paper,IMG_7778,./test/droh_real2d_wristnorm/paper/IMG_7778.npy,test,Left
paper,IMG_7781,./test/droh_real2d_wristnorm/paper/IMG_7781.npy,test,Left
paper,IMG_7850,./test/droh_real2d_wristnorm/paper/IMG_7850.npy,test,Left
paper,IMG_7882,./test/droh_real2d_wristnorm/paper/IMG_7882.npy,test,Left
paper,IMG_7883,./test/droh_real2d_wristnorm/paper/IMG_7883.npy,test,Left
paper,IMG_7884,./test/droh_real2d_wristnorm/paper/IMG_7884.npy,test,Left
paper,IMG_7885,./test/droh_real2d_wristnorm/paper/IMG_7885.npy,test,Left
paper,IMG_7946,./test/droh_real2d_wristnorm/paper/IMG_7946.npy,test,Left
paper,IMG_7947,./test/droh_real2d_wristnorm/paper/IMG_7947.npy,test,Left
paper,IMG_7977,./test/droh_real2d_wristnorm/paper/IMG_7977.npy,test,Right
paper,IMG_7979,./test/droh_real2d_wristnorm/paper/IMG_7979.npy,test,Right
paper,IMG_8042,./test/droh_real2d_wristnorm/paper/IMG_8042.npy,test,Left
paper,IMG_8043,./test/droh_real2d_wristnorm/paper/IMG_8043.npy,test,Left
paper,IMG_8044,./test/droh_real2d_wristnorm/paper/IMG_8044.npy,test,Left
paper,IMG_8073,./test/droh_real2d_wristnorm/paper/IMG_8073.npy,test,Left
paper,IMG_8075,./test/droh_real2d_wristnorm/paper/IMG_8075.npy,test,Left
paper,IMG_8105,./test/droh_real2d_wristnorm/paper/IMG_8105.npy,test,Left
paper,IMG_8106,./test/droh_real2d_wristnorm/paper/IMG_8106.npy,test,Left
paper,IMG_8139,./test/droh_real2d_wristnorm/paper/IMG_8139.npy,test,Right
paper,IMG_8174,./test/droh_real2d_wristnorm/paper/IMG_8174.npy,test,Left
rock,IMG_6254,./test/droh_real2d_wristnorm/rock/IMG_6254.npy,test,Left
rock,IMG_6265,./test/droh_real2d_wristnorm/rock/IMG_6265.npy,test,Left
rock,IMG_6266,./test/droh_real2d_wristnorm/rock/IMG_6266.npy,test,Left
rock,IMG_6267,./test/droh_real2d_wristnorm/rock/IMG_6267.npy,test,Left
rock,IMG_6271,./test/droh_real2d_wristnorm/rock/IMG_6271.npy,test,Left
rock,IMG_6272,./test/droh_real2d_wristnorm/rock/IMG_6272.npy,test,Left
rock,IMG_6318,./test/droh_real2d_wristnorm/rock/IMG_6318.npy,test,Left
rock,IMG_6321,./test/droh_real2d_wristnorm/rock/IMG_6321.npy,test,Left
rock,IMG_6345,./test/droh_real2d_wristnorm/rock/IMG_6345.npy,test,Left
rock,IMG_6346,./test/droh_real2d_wristnorm/rock/IMG_6346.npy,test,Left
rock,IMG_6348,./test/droh_real2d_wristnorm/rock/IMG_6348.npy,test,Left
rock,IMG_6349,./test/droh_real2d_wristnorm/rock/IMG_6349.npy,test,Left
rock,IMG_6384,./test/droh_real2d_wristnorm/rock/IMG_6384.npy,test,Left
rock,IMG_6385,./test/droh_real2d_wristnorm/rock/IMG_6385.npy,test,Left
rock,IMG_6417,./test/droh_real2d_wristnorm/rock/IMG_6417.npy,test,Left
rock,IMG_6418,./test/droh_real2d_wristnorm/rock/IMG_6418.npy,test,Left
rock,IMG_6420,./test/droh_real2d_wristnorm/rock/IMG_6420.npy,test,Left
rock,IMG_6460,./test/droh_real2d_wristnorm/rock/IMG_6460.npy,test,Right
rock,IMG_6499,./test/droh_real2d_wristnorm/rock/IMG_6499.npy,test,Left
rock,IMG_6500,./test/droh_real2d_wristnorm/rock/IMG_6500.npy,test,Left
rock,IMG_6502,./test/droh_real2d_wristnorm/rock/IMG_6502.npy,test,Left
rock,IMG_6503,./test/droh_real2d_wristnorm/rock/IMG_6503.npy,test,Left
rock,IMG_6541,./test/droh_real2d_wristnorm/rock/IMG_6541.npy,test,Left
rock,IMG_6543,./test/droh_real2d_wristnorm/rock/IMG_6543.npy,test,Left
rock,IMG_6574,./test/droh_real2d_wristnorm/rock/IMG_6574.npy,test,Left
rock,IMG_6575,./test/droh_real2d_wristnorm/rock/IMG_6575.npy,test,Left
rock,IMG_6611,./test/droh_real2d_wristnorm/rock/IMG_6611.npy,test,Left
rock,IMG_6641,./test/droh_real2d_wristnorm/rock/IMG_6641.npy,test,Left
rock,IMG_6700,./test/droh_real2d_wristnorm/rock/IMG_6700.npy,test,Left
rock,IMG_6701,./test/droh_real2d_wristnorm/rock/IMG_6701.npy,test,Left
rock,IMG_6720,./test/droh_real2d_wristnorm/rock/IMG_6720.npy,test,Right
rock,IMG_6723,./test/droh_real2d_wristnorm/rock/IMG_6723.npy,test,Right
rock,IMG_6765,./test/droh_real2d_wristnorm/rock/IMG_6765.npy,test,Right
rock,IMG_6793,./test/droh_real2d_wristnorm/rock/IMG_6793.npy,test,Left
rock,IMG_6794,./test/droh_real2d_wristnorm/rock/IMG_6794.npy,test,Left
rock,IMG_6796,./test/droh_real2d_wristnorm/rock/IMG_6796.npy,test,Left
rock,IMG_6821,./test/droh_real2d_wristnorm/rock/IMG_6821.npy,test,Right
rock,IMG_6822,./test/droh_real2d_wristnorm/rock/IMG_6822.npy,test,Right
rock,IMG_6824,./test/droh_real2d_wristnorm/rock/IMG_6824.npy,test,Right
rock,IMG_6851,./test/droh_real2d_wristnorm/rock/IMG_6851.npy,test,Left
rock,IMG_6853,./test/droh_real2d_wristnorm/rock/IMG_6853.npy,test,Left
rock,IMG_6855,./test/droh_real2d_wristnorm/rock/IMG_6855.npy,test,Left
rock,IMG_6900,./test/droh_real2d_wristnorm/rock/IMG_6900.npy,test,Left
rock,IMG_6902,./test/droh_real2d_wristnorm/rock/IMG_6902.npy,test,Left
rock,IMG_6904,./test/droh_real2d_wristnorm/rock/IMG_6904.npy,test,Left
rock,IMG_6924,./test/droh_real2d_wristnorm/rock/IMG_6924.npy,test,Left
rock,IMG_6925,./test/droh_real2d_wristnorm/rock/IMG_6925.npy,test,Left
rock,IMG_6927,./test/droh_real2d_wristnorm/rock/IMG_6927.npy,test,Left
rock,IMG_6954,./test/droh_real2d_wristnorm/rock/IMG_6954.npy,test,Left
rock,IMG_6955,./test/droh_real2d_wristnorm/rock/IMG_6955.npy,test,Left
rock,IMG_6984,./test/droh_real2d_wristnorm/rock/IMG_6984.npy,test,Left
rock,IMG_6987,./test/droh_real2d_wristnorm/rock/IMG_6987.npy,test,Left
rock,IMG_7019,./test/droh_real2d_wristnorm/rock/IMG_7019.npy,test,Left
rock,IMG_7023,./test/droh_real2d_wristnorm/rock/IMG_7023.npy,test,Left
rock,IMG_7054,./test/droh_real2d_wristnorm/rock/IMG_7054.npy,test,Right
rock,IMG_7212,./test/droh_real2d_wristnorm/rock/IMG_7212.npy,test,Left
rock,IMG_7213,./test/droh_real2d_wristnorm/rock/IMG_7213.npy,test,Left
rock,IMG_7214,./test/droh_real2d_wristnorm/rock/IMG_7214.npy,test,Left
rock,IMG_7244,./test/droh_real2d_wristnorm/rock/IMG_7244.npy,test,Left
rock,IMG_7245,./test/droh_real2d_wristnorm/rock/IMG_7245.npy,test,Left
rock,IMG_7279,./test/droh_real2d_wristnorm/rock/IMG_7279.npy,test,Left
rock,IMG_7305,./test/droh_real2d_wristnorm/rock/IMG_7305.npy,test,Left
rock,IMG_7307,./test/droh_real2d_wristnorm/rock/IMG_7307.npy,test,Left
rock,IMG_7308,./test/droh_real2d_wristnorm/rock/IMG_7308.npy,test,Left
rock,IMG_7309,./test/droh_real2d_wristnorm/rock/IMG_7309.npy,test,Left
rock,IMG_7337,./test/droh_real2d_wristnorm/rock/IMG_7337.npy,test,Left
rock,IMG_7338,./test/droh_real2d_wristnorm/rock/IMG_7338.npy,test,Left
rock,IMG_7340,./test/droh_real2d_wristnorm/rock/IMG_7340.npy,test,Left
rock,IMG_7370,./test/droh_real2d_wristnorm/rock/IMG_7370.npy,test,Right
rock,IMG_7371,./test/droh_real2d_wristnorm/rock/IMG_7371.npy,test,Right
rock,IMG_7373,./test/droh_real2d_wristnorm/rock/IMG_7373.npy,test,Right
rock,IMG_7402,./test/droh_real2d_wristnorm/rock/IMG_7402.npy,test,Right
rock,IMG_7404,./test/droh_real2d_wristnorm/rock/IMG_7404.npy,test,Right
rock,IMG_7433,./test/droh_real2d_wristnorm/rock/IMG_7433.npy,test,Left
rock,IMG_7436,./test/droh_real2d_wristnorm/rock/IMG_7436.npy,test,Left
rock,IMG_7470,./test/droh_real2d_wristnorm/rock/IMG_7470.npy,test,Right
rock,IMG_7502,./test/droh_real2d_wristnorm/rock/IMG_7502.npy,test,Right
rock,IMG_7503,./test/droh_real2d_wristnorm/rock/IMG_7503.npy,test,Right
rock,IMG_7506,./test/droh_real2d_wristnorm/rock/IMG_7506.npy,test,Right
rock,IMG_7539,./test/droh_real2d_wristnorm/rock/IMG_7539.npy,test,Left
rock,IMG_7568,./test/droh_real2d_wristnorm/rock/IMG_7568.npy,test,Left
rock,IMG_7571,./test/droh_real2d_wristnorm/rock/IMG_7571.npy,test,Left
rock,IMG_7603,./test/droh_real2d_wristnorm/rock/IMG_7603.npy,test,Left
rock,IMG_7635,./test/droh_real2d_wristnorm/rock/IMG_7635.npy,test,Left
rock,IMG_7636,./test/droh_real2d_wristnorm/rock/IMG_7636.npy,test,Right
rock,IMG_7637,./test/droh_real2d_wristnorm/rock/IMG_7637.npy,test,Right
rock,IMG_7638,./test/droh_real2d_wristnorm/rock/IMG_7638.npy,test,Right
rock,IMG_7639,./test/droh_real2d_wristnorm/rock/IMG_7639.npy,test,Right
rock,IMG_7680,./test/droh_real2d_wristnorm/rock/IMG_7680.npy,test,Right
rock,IMG_7716,./test/droh_real2d_wristnorm/rock/IMG_7716.npy,test,Right
rock,IMG_7741,./test/droh_real2d_wristnorm/rock/IMG_7741.npy,test,Left
rock,IMG_7742,./test/droh_real2d_wristnorm/rock/IMG_7742.npy,test,Left
rock,IMG_7744,./test/droh_real2d_wristnorm/rock/IMG_7744.npy,test,Left
rock,IMG_7772,./test/droh_real2d_wristnorm/rock/IMG_7772.npy,test,Left
rock,IMG_7838,./test/droh_real2d_wristnorm/rock/IMG_7838.npy,test,Left
rock,IMG_7873,./test/droh_real2d_wristnorm/rock/IMG_7873.npy,test,Left
rock,IMG_7875,./test/droh_real2d_wristnorm/rock/IMG_7875.npy,test,Left
rock,IMG_7876,./test/droh_real2d_wristnorm/rock/IMG_7876.npy,test,Left
rock,IMG_7907,./test/droh_real2d_wristnorm/rock/IMG_7907.npy,test,Left
rock,IMG_7937,./test/droh_real2d_wristnorm/rock/IMG_7937.npy,test,Left
rock,IMG_7939,./test/droh_real2d_wristnorm/rock/IMG_7939.npy,test,Right
rock,IMG_7970,./test/droh_real2d_wristnorm/rock/IMG_7970.npy,test,Right
rock,IMG_7971,./test/droh_real2d_wristnorm/rock/IMG_7971.npy,test,Right
rock,IMG_8002,./test/droh_real2d_wristnorm/rock/IMG_8002.npy,test,Left
rock,IMG_8032,./test/droh_real2d_wristnorm/rock/IMG_8032.npy,test,Left
rock,IMG_8065,./test/droh_real2d_wristnorm/rock/IMG_8065.npy,test,Left
rock,IMG_8066,./test/droh_real2d_wristnorm/rock/IMG_8066.npy,test,Left
rock,IMG_8068,./test/droh_real2d_wristnorm/rock/IMG_8068.npy,test,Right
rock,IMG_8100,./test/droh_real2d_wristnorm/rock/IMG_8100.npy,test,Left
scissors,IMG_6281,./test/droh_real2d_wristnorm/scissors/IMG_6281.npy,test,Left
scissors,IMG_6283,./test/droh_real2d_wristnorm/scissors/IMG_6283.npy,test,Left
scissors,IMG_6284,./test/droh_real2d_wristnorm/scissors/IMG_6284.npy,test,Left
scissors,IMG_6285,./test/droh_real2d_wristnorm/scissors/IMG_6285.npy,test,Left
scissors,IMG_6286,./test/droh_real2d_wristnorm/scissors/IMG_6286.npy,test,Left
scissors,IMG_6311,./test/droh_real2d_wristnorm/scissors/IMG_6311.npy,test,Left
scissors,IMG_6316,./test/droh_real2d_wristnorm/scissors/IMG_6316.npy,test,Left
scissors,IMG_6351,./test/droh_real2d_wristnorm/scissors/IMG_6351.npy,test,Left
scissors,IMG_6352,./test/droh_real2d_wristnorm/scissors/IMG_6352.npy,test,Left
scissors,IMG_6386,./test/droh_real2d_wristnorm/scissors/IMG_6386.npy,test,Left
scissors,IMG_6387,./test/droh_real2d_wristnorm/scissors/IMG_6387.npy,test,Left
scissors,IMG_6389,./test/droh_real2d_wristnorm/scissors/IMG_6389.npy,test,Left
scissors,IMG_6390,./test/droh_real2d_wristnorm/scissors/IMG_6390.npy,test,Right
scissors,IMG_6423,./test/droh_real2d_wristnorm/scissors/IMG_6423.npy,test,Left
scissors,IMG_6424,./test/droh_real2d_wristnorm/scissors/IMG_6424.npy,test,Left
scissors,IMG_6425,./test/droh_real2d_wristnorm/scissors/IMG_6425.npy,test,Left
scissors,IMG_6461,./test/droh_real2d_wristnorm/scissors/IMG_6461.npy,test,Right
scissors,IMG_6463,./test/droh_real2d_wristnorm/scissors/IMG_6463.npy,test,Right
scissors,IMG_6494,./test/droh_real2d_wristnorm/scissors/IMG_6494.npy,test,Left
scissors,IMG_6495,./test/droh_real2d_wristnorm/scissors/IMG_6495.npy,test,Left
scissors,IMG_6534,./test/droh_real2d_wristnorm/scissors/IMG_6534.npy,test,Left
scissors,IMG_6538,./test/droh_real2d_wristnorm/scissors/IMG_6538.npy,test,Left
scissors,IMG_6577,./test/droh_real2d_wristnorm/scissors/IMG_6577.npy,test,Left
scissors,IMG_6614,./test/droh_real2d_wristnorm/scissors/IMG_6614.npy,test,Left
scissors,IMG_6616,./test/droh_real2d_wristnorm/scissors/IMG_6616.npy,test,Left
scissors,IMG_6650,./test/droh_real2d_wristnorm/scissors/IMG_6650.npy,test,Left
scissors,IMG_6729,./test/droh_real2d_wristnorm/scissors/IMG_6729.npy,test,Right
scissors,IMG_6730,./test/droh_real2d_wristnorm/scissors/IMG_6730.npy,test,Right
scissors,IMG_6757,./test/droh_real2d_wristnorm/scissors/IMG_6757.npy,test,Right
scissors,IMG_6827,./test/droh_real2d_wristnorm/scissors/IMG_6827.npy,test,Right
scissors,IMG_6828,./test/droh_real2d_wristnorm/scissors/IMG_6828.npy,test,Right
scissors,IMG_6858,./test/droh_real2d_wristnorm/scissors/IMG_6858.npy,test,Left
scissors,IMG_6859,./test/droh_real2d_wristnorm/scissors/IMG_6859.npy,test,Left
scissors,IMG_6905,./test/droh_real2d_wristnorm/scissors/IMG_6905.npy,test,Right
scissors,IMG_6907,./test/droh_real2d_wristnorm/scissors/IMG_6907.npy,test,Left
scissors,IMG_6908,./test/droh_real2d_wristnorm/scissors/IMG_6908.npy,test,Left
scissors,IMG_6928,./test/droh_real2d_wristnorm/scissors/IMG_6928.npy,test,Left
scissors,IMG_6929,./test/droh_real2d_wristnorm/scissors/IMG_6929.npy,test,Left
scissors,IMG_6930,./test/droh_real2d_wristnorm/scissors/IMG_6930.npy,test,Left
scissors,IMG_6931,./test/droh_real2d_wristnorm/scissors/IMG_6931.npy,test,Left
scissors,IMG_6959,./test/droh_real2d_wristnorm/scissors/IMG_6959.npy,test,Left
scissors,IMG_6962,./test/droh_real2d_wristnorm/scissors/IMG_6962.npy,test,Left
scissors,IMG_6990,./test/droh_real2d_wristnorm/scissors/IMG_6990.npy,test,Left
scissors,IMG_6992,./test/droh_real2d_wristnorm/scissors/IMG_6992.npy,test,Left
scissors,IMG_7060,./test/droh_real2d_wristnorm/scissors/IMG_7060.npy,test,Right
scissors,IMG_7061,./test/droh_real2d_wristnorm/scissors/IMG_7061.npy,test,Right
scissors,IMG_7063,./test/droh_real2d_wristnorm/scissors/IMG_7063.npy,test,Right
scissors,IMG_7218,./test/droh_real2d_wristnorm/scissors/IMG_7218.npy,test,Left
scissors,IMG_7219,./test/droh_real2d_wristnorm/scissors/IMG_7219.npy,test,Left
scissors,IMG_7220,./test/droh_real2d_wristnorm/scissors/IMG_7220.npy,test,Left
scissors,IMG_7248,./test/droh_real2d_wristnorm/scissors/IMG_7248.npy,test,Left
scissors,IMG_7281,./test/droh_real2d_wristnorm/scissors/IMG_7281.npy,test,Left
scissors,IMG_7283,./test/droh_real2d_wristnorm/scissors/IMG_7283.npy,test,Left
scissors,IMG_7310,./test/droh_real2d_wristnorm/scissors/IMG_7310.npy,test,Left
scissors,IMG_7341,./test/droh_real2d_wristnorm/scissors/IMG_7341.npy,test,Left
scissors,IMG_7342,./test/droh_real2d_wristnorm/scissors/IMG_7342.npy,test,Left
scissors,IMG_7344,./test/droh_real2d_wristnorm/scissors/IMG_7344.npy,test,Left
scissors,IMG_7374,./test/droh_real2d_wristnorm/scissors/IMG_7374.npy,test,Right
scissors,IMG_7376,./test/droh_real2d_wristnorm/scissors/IMG_7376.npy,test,Right
scissors,IMG_7378,./test/droh_real2d_wristnorm/scissors/IMG_7378.npy,test,Right
scissors,IMG_7406,./test/droh_real2d_wristnorm/scissors/IMG_7406.npy,test,Right
scissors,IMG_7407,./test/droh_real2d_wristnorm/scissors/IMG_7407.npy,test,Right
scissors,IMG_7408,./test/droh_real2d_wristnorm/scissors/IMG_7408.npy,test,Right
scissors,IMG_7410,./test/droh_real2d_wristnorm/scissors/IMG_7410.npy,test,Right
scissors,IMG_7438,./test/droh_real2d_wristnorm/scissors/IMG_7438.npy,test,Left
scissors,IMG_7441,./test/droh_real2d_wristnorm/scissors/IMG_7441.npy,test,Left
scissors,IMG_7472,./test/droh_real2d_wristnorm/scissors/IMG_7472.npy,test,Right
scissors,IMG_7474,./test/droh_real2d_wristnorm/scissors/IMG_7474.npy,test,Right
scissors,IMG_7509,./test/droh_real2d_wristnorm/scissors/IMG_7509.npy,test,Right
scissors,IMG_7541,./test/droh_real2d_wristnorm/scissors/IMG_7541.npy,test,Left
scissors,IMG_7543,./test/droh_real2d_wristnorm/scissors/IMG_7543.npy,test,Left
scissors,IMG_7575,./test/droh_real2d_wristnorm/scissors/IMG_7575.npy,test,Left
scissors,IMG_7608,./test/droh_real2d_wristnorm/scissors/IMG_7608.npy,test,Left
scissors,IMG_7642,./test/droh_real2d_wristnorm/scissors/IMG_7642.npy,test,Left
scissors,IMG_7643,./test/droh_real2d_wristnorm/scissors/IMG_7643.npy,test,Left
scissors,IMG_7645,./test/droh_real2d_wristnorm/scissors/IMG_7645.npy,test,Left
scissors,IMG_7648,./test/droh_real2d_wristnorm/scissors/IMG_7648.npy,test,Left
scissors,IMG_7682,./test/droh_real2d_wristnorm/scissors/IMG_7682.npy,test,Right
scissors,IMG_7683,./test/droh_real2d_wristnorm/scissors/IMG_7683.npy,test,Right
scissors,IMG_7684,./test/droh_real2d_wristnorm/scissors/IMG_7684.npy,test,Right
scissors,IMG_7708,./test/droh_real2d_wristnorm/scissors/IMG_7708.npy,test,Right
scissors,IMG_7710,./test/droh_real2d_wristnorm/scissors/IMG_7710.npy,test,Right
scissors,IMG_7711,./test/droh_real2d_wristnorm/scissors/IMG_7711.npy,test,Right
scissors,IMG_7745,./test/droh_real2d_wristnorm/scissors/IMG_7745.npy,test,Left
scissors,IMG_7747,./test/droh_real2d_wristnorm/scissors/IMG_7747.npy,test,Left
scissors,IMG_7748,./test/droh_real2d_wristnorm/scissors/IMG_7748.npy,test,Left
scissors,IMG_7776,./test/droh_real2d_wristnorm/scissors/IMG_7776.npy,test,Left
scissors,IMG_7843,./test/droh_real2d_wristnorm/scissors/IMG_7843.npy,test,Left
scissors,IMG_7846,./test/droh_real2d_wristnorm/scissors/IMG_7846.npy,test,Left
scissors,IMG_7847,./test/droh_real2d_wristnorm/scissors/IMG_7847.npy,test,Left
scissors,IMG_7878,./test/droh_real2d_wristnorm/scissors/IMG_7878.npy,test,Left
scissors,IMG_7880,./test/droh_real2d_wristnorm/scissors/IMG_7880.npy,test,Left
scissors,IMG_7910,./test/droh_real2d_wristnorm/scissors/IMG_7910.npy,test,Left
scissors,IMG_7911,./test/droh_real2d_wristnorm/scissors/IMG_7911.npy,test,Left
scissors,IMG_7912,./test/droh_real2d_wristnorm/scissors/IMG_7912.npy,test,Left
scissors,IMG_7913,./test/droh_real2d_wristnorm/scissors/IMG_7913.npy,test,Left
scissors,IMG_7940,./test/droh_real2d_wristnorm/scissors/IMG_7940.npy,test,Left
scissors,IMG_7941,./test/droh_real2d_wristnorm/scissors/IMG_7941.npy,test,Left
scissors,IMG_7942,./test/droh_real2d_wristnorm/scissors/IMG_7942.npy,test,Left
scissors,IMG_7972,./test/droh_real2d_wristnorm/scissors/IMG_7972.npy,test,Right
scissors,IMG_8007,./test/droh_real2d_wristnorm/scissors/IMG_8007.npy,test,Left
scissors,IMG_8008,./test/droh_real2d_wristnorm/scissors/IMG_8008.npy,test,Left
scissors,IMG_8038,./test/droh_real2d_wristnorm/scissors/IMG_8038.npy,test,Left
scissors,IMG_8039,./test/droh_real2d_wristnorm/scissors/IMG_8039.npy,test,Left
scissors,IMG_8070,./test/droh_real2d_wristnorm/scissors/IMG_8070.npy,test,Left
scissors,IMG_8101,./test/droh_real2d_wristnorm/scissors/IMG_8101.npy,test,Left
scissors,IMG_8104,./test/droh_real2d_wristnorm/scissors/IMG_8104.npy,test,Left
scissors,IMG_8132,./test/droh_real2d_wristnorm/scissors/IMG_8132.npy,test,Right
scissors,IMG_8135,./test/droh_real2d_wristnorm/scissors/IMG_8135.npy,test,Right
scissors,IMG_8169,./test/droh_real2d_wristnorm/scissors/IMG_8169.npy,test,Left
scissors,IMG_8170,./test/droh_real2d_wristnorm/scissors/IMG_8170.npy,test,Left
scissors,IMG_8171,./test/droh_real2d_wristnorm/scissors/IMG_8171.npy,test,Left
the-finger,IMG_6304,./test/droh_real2d_wristnorm/the-finger/IMG_6304.npy,test,Left
the-finger,IMG_6308,./test/droh_real2d_wristnorm/the-finger/IMG_6308.npy,test,Left
the-finger,IMG_6309,./test/droh_real2d_wristnorm/the-finger/IMG_6309.npy,test,Left
the-finger,IMG_6341,./test/droh_real2d_wristnorm/the-finger/IMG_6341.npy,test,Left
the-finger,IMG_6343,./test/droh_real2d_wristnorm/the-finger/IMG_6343.npy,test,Left
the-finger,IMG_6344,./test/droh_real2d_wristnorm/the-finger/IMG_6344.npy,test,Left
the-finger,IMG_6379,./test/droh_real2d_wristnorm/the-finger/IMG_6379.npy,test,Left
the-finger,IMG_6411,./test/droh_real2d_wristnorm/the-finger/IMG_6411.npy,test,Left
the-finger,IMG_6412,./test/droh_real2d_wristnorm/the-finger/IMG_6412.npy,test,Left
the-finger,IMG_6413,./test/droh_real2d_wristnorm/the-finger/IMG_6413.npy,test,Left
the-finger,IMG_6414,./test/droh_real2d_wristnorm/the-finger/IMG_6414.npy,test,Left
the-finger,IMG_6416,./test/droh_real2d_wristnorm/the-finger/IMG_6416.npy,test,Left
the-finger,IMG_6451,./test/droh_real2d_wristnorm/the-finger/IMG_6451.npy,test,Left
the-finger,IMG_6486,./test/droh_real2d_wristnorm/the-finger/IMG_6486.npy,test,Right
the-finger,IMG_6491,./test/droh_real2d_wristnorm/the-finger/IMG_6491.npy,test,Right
the-finger,IMG_6528,./test/droh_real2d_wristnorm/the-finger/IMG_6528.npy,test,Left
the-finger,IMG_6529,./test/droh_real2d_wristnorm/the-finger/IMG_6529.npy,test,Left
the-finger,IMG_6530,./test/droh_real2d_wristnorm/the-finger/IMG_6530.npy,test,Left
the-finger,IMG_6531,./test/droh_real2d_wristnorm/the-finger/IMG_6531.npy,test,Left
the-finger,IMG_6566,./test/droh_real2d_wristnorm/the-finger/IMG_6566.npy,test,Left
the-finger,IMG_6567,./test/droh_real2d_wristnorm/the-finger/IMG_6567.npy,test,Left
the-finger,IMG_6568,./test/droh_real2d_wristnorm/the-finger/IMG_6568.npy,test,Left
the-finger,IMG_6638,./test/droh_real2d_wristnorm/the-finger/IMG_6638.npy,test,Left
the-finger,IMG_6640,./test/droh_real2d_wristnorm/the-finger/IMG_6640.npy,test,Left
the-finger,IMG_6677,./test/droh_real2d_wristnorm/the-finger/IMG_6677.npy,test,Left
the-finger,IMG_6678,./test/droh_real2d_wristnorm/the-finger/IMG_6678.npy,test,Left
the-finger,IMG_6715,./test/droh_real2d_wristnorm/the-finger/IMG_6715.npy,test,Left
the-finger,IMG_6718,./test/droh_real2d_wristnorm/the-finger/IMG_6718.npy,test,Left
the-finger,IMG_6719,./test/droh_real2d_wristnorm/the-finger/IMG_6719.npy,test,Right
the-finger,IMG_6752,./test/droh_real2d_wristnorm/the-finger/IMG_6752.npy,test,Right
the-finger,IMG_6754,./test/droh_real2d_wristnorm/the-finger/IMG_6754.npy,test,Right
the-finger,IMG_6787,./test/droh_real2d_wristnorm/the-finger/IMG_6787.npy,test,Right
the-finger,IMG_6817,./test/droh_real2d_wristnorm/the-finger/IMG_6817.npy,test,Left
the-finger,IMG_6819,./test/droh_real2d_wristnorm/the-finger/IMG_6819.npy,test,Left
the-finger,IMG_6820,./test/droh_real2d_wristnorm/the-finger/IMG_6820.npy,test,Left
the-finger,IMG_6847,./test/droh_real2d_wristnorm/the-finger/IMG_6847.npy,test,Right
the-finger,IMG_6850,./test/droh_real2d_wristnorm/the-finger/IMG_6850.npy,test,Right
the-finger,IMG_6884,./test/droh_real2d_wristnorm/the-finger/IMG_6884.npy,test,Left
the-finger,IMG_6885,./test/droh_real2d_wristnorm/the-finger/IMG_6885.npy,test,Right
the-finger,IMG_6919,./test/droh_real2d_wristnorm/the-finger/IMG_6919.npy,test,Left
the-finger,IMG_6920,./test/droh_real2d_wristnorm/the-finger/IMG_6920.npy,test,Left
the-finger,IMG_6922,./test/droh_real2d_wristnorm/the-finger/IMG_6922.npy,test,Left
the-finger,IMG_6949,./test/droh_real2d_wristnorm/the-finger/IMG_6949.npy,test,Left
the-finger,IMG_6979,./test/droh_real2d_wristnorm/the-finger/IMG_6979.npy,test,Left
the-finger,IMG_6980,./test/droh_real2d_wristnorm/the-finger/IMG_6980.npy,test,Left
the-finger,IMG_7050,./test/droh_real2d_wristnorm/the-finger/IMG_7050.npy,test,Right
the-finger,IMG_7051,./test/droh_real2d_wristnorm/the-finger/IMG_7051.npy,test,Right
the-finger,IMG_7052,./test/droh_real2d_wristnorm/the-finger/IMG_7052.npy,test,Right
the-finger,IMG_7053,./test/droh_real2d_wristnorm/the-finger/IMG_7053.npy,test,Right
the-finger,IMG_7083,./test/droh_real2d_wristnorm/the-finger/IMG_7083.npy,test,Right
the-finger,IMG_7084,./test/droh_real2d_wristnorm/the-finger/IMG_7084.npy,test,Right
the-finger,IMG_7273,./test/droh_real2d_wristnorm/the-finger/IMG_7273.npy,test,Left
the-finger,IMG_7300,./test/droh_real2d_wristnorm/the-finger/IMG_7300.npy,test,Left
the-finger,IMG_7334,./test/droh_real2d_wristnorm/the-finger/IMG_7334.npy,test,Left
the-finger,IMG_7335,./test/droh_real2d_wristnorm/the-finger/IMG_7335.npy,test,Left
the-finger,IMG_7365,./test/droh_real2d_wristnorm/the-finger/IMG_7365.npy,test,Left
the-finger,IMG_7366,./test/droh_real2d_wristnorm/the-finger/IMG_7366.npy,test,Left
the-finger,IMG_7397,./test/droh_real2d_wristnorm/the-finger/IMG_7397.npy,test,Right
the-finger,IMG_7401,./test/droh_real2d_wristnorm/the-finger/IMG_7401.npy,test,Right
the-finger,IMG_7429,./test/droh_real2d_wristnorm/the-finger/IMG_7429.npy,test,Right
the-finger,IMG_7430,./test/droh_real2d_wristnorm/the-finger/IMG_7430.npy,test,Right
the-finger,IMG_7461,./test/droh_real2d_wristnorm/the-finger/IMG_7461.npy,test,Left
the-finger,IMG_7462,./test/droh_real2d_wristnorm/the-finger/IMG_7462.npy,test,Left
the-finger,IMG_7465,./test/droh_real2d_wristnorm/the-finger/IMG_7465.npy,test,Right
the-finger,IMG_7498,./test/droh_real2d_wristnorm/the-finger/IMG_7498.npy,test,Right
the-finger,IMG_7530,./test/droh_real2d_wristnorm/the-finger/IMG_7530.npy,test,Right
the-finger,IMG_7563,./test/droh_real2d_wristnorm/the-finger/IMG_7563.npy,test,Left
the-finger,IMG_7564,./test/droh_real2d_wristnorm/the-finger/IMG_7564.npy,test,Left
the-finger,IMG_7565,./test/droh_real2d_wristnorm/the-finger/IMG_7565.npy,test,Left
the-finger,IMG_7594,./test/droh_real2d_wristnorm/the-finger/IMG_7594.npy,test,Left
the-finger,IMG_7629,./test/droh_real2d_wristnorm/the-finger/IMG_7629.npy,test,Left
the-finger,IMG_7634,./test/droh_real2d_wristnorm/the-finger/IMG_7634.npy,test,Left
the-finger,IMG_7672,./test/droh_real2d_wristnorm/the-finger/IMG_7672.npy,test,Left
the-finger,IMG_7703,./test/droh_real2d_wristnorm/the-finger/IMG_7703.npy,test,Right
the-finger,IMG_7704,./test/droh_real2d_wristnorm/the-finger/IMG_7704.npy,test,Right
the-finger,IMG_7705,./test/droh_real2d_wristnorm/the-finger/IMG_7705.npy,test,Right
the-finger,IMG_7706,./test/droh_real2d_wristnorm/the-finger/IMG_7706.npy,test,Right
the-finger,IMG_7734,./test/droh_real2d_wristnorm/the-finger/IMG_7734.npy,test,Right
the-finger,IMG_7765,./test/droh_real2d_wristnorm/the-finger/IMG_7765.npy,test,Left
the-finger,IMG_7766,./test/droh_real2d_wristnorm/the-finger/IMG_7766.npy,test,Left
the-finger,IMG_7768,./test/droh_real2d_wristnorm/the-finger/IMG_7768.npy,test,Left
the-finger,IMG_7797,./test/droh_real2d_wristnorm/the-finger/IMG_7797.npy,test,Left
the-finger,IMG_7798,./test/droh_real2d_wristnorm/the-finger/IMG_7798.npy,test,Left
the-finger,IMG_7799,./test/droh_real2d_wristnorm/the-finger/IMG_7799.npy,test,Left
the-finger,IMG_7800,./test/droh_real2d_wristnorm/the-finger/IMG_7800.npy,test,Left
the-finger,IMG_7868,./test/droh_real2d_wristnorm/the-finger/IMG_7868.npy,test,Left
the-finger,IMG_7870,./test/droh_real2d_wristnorm/the-finger/IMG_7870.npy,test,Left
the-finger,IMG_7871,./test/droh_real2d_wristnorm/the-finger/IMG_7871.npy,test,Left
the-finger,IMG_7904,./test/droh_real2d_wristnorm/the-finger/IMG_7904.npy,test,Left
the-finger,IMG_7905,./test/droh_real2d_wristnorm/the-finger/IMG_7905.npy,test,Left
the-finger,IMG_7934,./test/droh_real2d_wristnorm/the-finger/IMG_7934.npy,test,Left
the-finger,IMG_7935,./test/droh_real2d_wristnorm/the-finger/IMG_7935.npy,test,Left
the-finger,IMG_7963,./test/droh_real2d_wristnorm/the-finger/IMG_7963.npy,test,Left
the-finger,IMG_7966,./test/droh_real2d_wristnorm/the-finger/IMG_7966.npy,test,Left
the-finger,IMG_8026,./test/droh_real2d_wristnorm/the-finger/IMG_8026.npy,test,Left
the-finger,IMG_8027,./test/droh_real2d_wristnorm/the-finger/IMG_8027.npy,test,Left
the-finger,IMG_8030,./test/droh_real2d_wristnorm/the-finger/IMG_8030.npy,test,Left
the-finger,IMG_8059,./test/droh_real2d_wristnorm/the-finger/IMG_8059.npy,test,Left
the-finger,IMG_8092,./test/droh_real2d_wristnorm/the-finger/IMG_8092.npy,test,Left
the-finger,IMG_8095,./test/droh_real2d_wristnorm/the-finger/IMG_8095.npy,test,Left
the-finger,IMG_8122,./test/droh_real2d_wristnorm/the-finger/IMG_8122.npy,test,Left
the-finger,IMG_8162,./test/droh_real2d_wristnorm/the-finger/IMG_8162.npy,test,Right
the-finger,IMG_8192,./test/droh_real2d_wristnorm/the-finger/IMG_8192.npy,test,Left
thumbdown,IMG_6299,./test/droh_real2d_wristnorm/thumbdown/IMG_6299.npy,test,Left
thumbdown,IMG_6301,./test/droh_real2d_wristnorm/thumbdown/IMG_6301.npy,test,Left
thumbdown,IMG_6302,./test/droh_real2d_wristnorm/thumbdown/IMG_6302.npy,test,Left
thumbdown,IMG_6338,./test/droh_real2d_wristnorm/thumbdown/IMG_6338.npy,test,Left
thumbdown,IMG_6368,./test/droh_real2d_wristnorm/thumbdown/IMG_6368.npy,test,Left
thumbdown,IMG_6444,./test/droh_real2d_wristnorm/thumbdown/IMG_6444.npy,test,Left
thumbdown,IMG_6447,./test/droh_real2d_wristnorm/thumbdown/IMG_6447.npy,test,Left
thumbdown,IMG_6483,./test/droh_real2d_wristnorm/thumbdown/IMG_6483.npy,test,Right
thumbdown,IMG_6485,./test/droh_real2d_wristnorm/thumbdown/IMG_6485.npy,test,Right
thumbdown,IMG_6522,./test/droh_real2d_wristnorm/thumbdown/IMG_6522.npy,test,Left
thumbdown,IMG_6524,./test/droh_real2d_wristnorm/thumbdown/IMG_6524.npy,test,Left
thumbdown,IMG_6525,./test/droh_real2d_wristnorm/thumbdown/IMG_6525.npy,test,Left
thumbdown,IMG_6561,./test/droh_real2d_wristnorm/thumbdown/IMG_6561.npy,test,Left
thumbdown,IMG_6562,./test/droh_real2d_wristnorm/thumbdown/IMG_6562.npy,test,Left
thumbdown,IMG_6564,./test/droh_real2d_wristnorm/thumbdown/IMG_6564.npy,test,Left
thumbdown,IMG_6565,./test/droh_real2d_wristnorm/thumbdown/IMG_6565.npy,test,Left
thumbdown,IMG_6601,./test/droh_real2d_wristnorm/thumbdown/IMG_6601.npy,test,Right
thumbdown,IMG_6633,./test/droh_real2d_wristnorm/thumbdown/IMG_6633.npy,test,Left
thumbdown,IMG_6634,./test/droh_real2d_wristnorm/thumbdown/IMG_6634.npy,test,Left
thumbdown,IMG_6635,./test/droh_real2d_wristnorm/thumbdown/IMG_6635.npy,test,Left
thumbdown,IMG_6636,./test/droh_real2d_wristnorm/thumbdown/IMG_6636.npy,test,Left
thumbdown,IMG_6742,./test/droh_real2d_wristnorm/thumbdown/IMG_6742.npy,test,Right
thumbdown,IMG_6747,./test/droh_real2d_wristnorm/thumbdown/IMG_6747.npy,test,Right
thumbdown,IMG_6749,./test/droh_real2d_wristnorm/thumbdown/IMG_6749.npy,test,Right
thumbdown,IMG_6811,./test/droh_real2d_wristnorm/thumbdown/IMG_6811.npy,test,Left
thumbdown,IMG_6813,./test/droh_real2d_wristnorm/thumbdown/IMG_6813.npy,test,Left
thumbdown,IMG_6814,./test/droh_real2d_wristnorm/thumbdown/IMG_6814.npy,test,Left
thumbdown,IMG_6841,./test/droh_real2d_wristnorm/thumbdown/IMG_6841.npy,test,Right
thumbdown,IMG_6878,./test/droh_real2d_wristnorm/thumbdown/IMG_6878.npy,test,Left
thumbdown,IMG_6879,./test/droh_real2d_wristnorm/thumbdown/IMG_6879.npy,test,Left
thumbdown,IMG_6896,./test/droh_real2d_wristnorm/thumbdown/IMG_6896.npy,test,Left
thumbdown,IMG_6898,./test/droh_real2d_wristnorm/thumbdown/IMG_6898.npy,test,Left
thumbdown,IMG_6946,./test/droh_real2d_wristnorm/thumbdown/IMG_6946.npy,test,Left
thumbdown,IMG_6947,./test/droh_real2d_wristnorm/thumbdown/IMG_6947.npy,test,Left
thumbdown,IMG_6976,./test/droh_real2d_wristnorm/thumbdown/IMG_6976.npy,test,Left
thumbdown,IMG_7044,./test/droh_real2d_wristnorm/thumbdown/IMG_7044.npy,test,Right
thumbdown,IMG_7048,./test/droh_real2d_wristnorm/thumbdown/IMG_7048.npy,test,Right
thumbdown,IMG_7079,./test/droh_real2d_wristnorm/thumbdown/IMG_7079.npy,test,Right
thumbdown,IMG_7081,./test/droh_real2d_wristnorm/thumbdown/IMG_7081.npy,test,Right
thumbdown,IMG_7236,./test/droh_real2d_wristnorm/thumbdown/IMG_7236.npy,test,Left
thumbdown,IMG_7267,./test/droh_real2d_wristnorm/thumbdown/IMG_7267.npy,test,Left
thumbdown,IMG_7268,./test/droh_real2d_wristnorm/thumbdown/IMG_7268.npy,test,Left
thumbdown,IMG_7297,./test/droh_real2d_wristnorm/thumbdown/IMG_7297.npy,test,Left
thumbdown,IMG_7330,./test/droh_real2d_wristnorm/thumbdown/IMG_7330.npy,test,Left
thumbdown,IMG_7331,./test/droh_real2d_wristnorm/thumbdown/IMG_7331.npy,test,Left
thumbdown,IMG_7388,./test/droh_real2d_wristnorm/thumbdown/IMG_7388.npy,test,Right
thumbdown,IMG_7424,./test/droh_real2d_wristnorm/thumbdown/IMG_7424.npy,test,Right
thumbdown,IMG_7426,./test/droh_real2d_wristnorm/thumbdown/IMG_7426.npy,test,Right
thumbdown,IMG_7457,./test/droh_real2d_wristnorm/thumbdown/IMG_7457.npy,test,Left
thumbdown,IMG_7459,./test/droh_real2d_wristnorm/thumbdown/IMG_7459.npy,test,Left
thumbdown,IMG_7557,./test/droh_real2d_wristnorm/thumbdown/IMG_7557.npy,test,Left
thumbdown,IMG_7625,./test/droh_real2d_wristnorm/thumbdown/IMG_7625.npy,test,Left
thumbup,IMG_6293,./test/droh_real2d_wristnorm/thumbup/IMG_6293.npy,test,Left
thumbup,IMG_6295,./test/droh_real2d_wristnorm/thumbup/IMG_6295.npy,test,Left
thumbup,IMG_6331,./test/droh_real2d_wristnorm/thumbup/IMG_6331.npy,test,Left
thumbup,IMG_6332,./test/droh_real2d_wristnorm/thumbup/IMG_6332.npy,test,Left
thumbup,IMG_6334,./test/droh_real2d_wristnorm/thumbup/IMG_6334.npy,test,Left
thumbup,IMG_6374,./test/droh_real2d_wristnorm/thumbup/IMG_6374.npy,test,Left
thumbup,IMG_6375,./test/droh_real2d_wristnorm/thumbup/IMG_6375.npy,test,Left
thumbup,IMG_6402,./test/droh_real2d_wristnorm/thumbup/IMG_6402.npy,test,Left
thumbup,IMG_6403,./test/droh_real2d_wristnorm/thumbup/IMG_6403.npy,test,Left
thumbup,IMG_6438,./test/droh_real2d_wristnorm/thumbup/IMG_6438.npy,test,Left
thumbup,IMG_6477,./test/droh_real2d_wristnorm/thumbup/IMG_6477.npy,test,Right
thumbup,IMG_6479,./test/droh_real2d_wristnorm/thumbup/IMG_6479.npy,test,Right
thumbup,IMG_6480,./test/droh_real2d_wristnorm/thumbup/IMG_6480.npy,test,Right
thumbup,IMG_6521,./test/droh_real2d_wristnorm/thumbup/IMG_6521.npy,test,Left
thumbup,IMG_6537,./test/droh_real2d_wristnorm/thumbup/IMG_6537.npy,test,Left
thumbup,IMG_6557,./test/droh_real2d_wristnorm/thumbup/IMG_6557.npy,test,Left
thumbup,IMG_6558,./test/droh_real2d_wristnorm/thumbup/IMG_6558.npy,test,Left
thumbup,IMG_6596,./test/droh_real2d_wristnorm/thumbup/IMG_6596.npy,test,Left
thumbup,IMG_6663,./test/droh_real2d_wristnorm/thumbup/IMG_6663.npy,test,Left
thumbup,IMG_6664,./test/droh_real2d_wristnorm/thumbup/IMG_6664.npy,test,Left
thumbup,IMG_6667,./test/droh_real2d_wristnorm/thumbup/IMG_6667.npy,test,Left
thumbup,IMG_6682,./test/droh_real2d_wristnorm/thumbup/IMG_6682.npy,test,Left
thumbup,IMG_6686,./test/droh_real2d_wristnorm/thumbup/IMG_6686.npy,test,Left
thumbup,IMG_6688,./test/droh_real2d_wristnorm/thumbup/IMG_6688.npy,test,Left
thumbup,IMG_6689,./test/droh_real2d_wristnorm/thumbup/IMG_6689.npy,test,Left
thumbup,IMG_6745,./test/droh_real2d_wristnorm/thumbup/IMG_6745.npy,test,Right
thumbup,IMG_6776,./test/droh_real2d_wristnorm/thumbup/IMG_6776.npy,test,Right
thumbup,IMG_6809,./test/droh_real2d_wristnorm/thumbup/IMG_6809.npy,test,Left
thumbup,IMG_6810,./test/droh_real2d_wristnorm/thumbup/IMG_6810.npy,test,Left
thumbup,IMG_6840,./test/droh_real2d_wristnorm/thumbup/IMG_6840.npy,test,Right
thumbup,IMG_6875,./test/droh_real2d_wristnorm/thumbup/IMG_6875.npy,test,Left
thumbup,IMG_6886,./test/droh_real2d_wristnorm/thumbup/IMG_6886.npy,test,Left
thumbup,IMG_6887,./test/droh_real2d_wristnorm/thumbup/IMG_6887.npy,test,Left
thumbup,IMG_6889,./test/droh_real2d_wristnorm/thumbup/IMG_6889.npy,test,Left
thumbup,IMG_6941,./test/droh_real2d_wristnorm/thumbup/IMG_6941.npy,test,Left
thumbup,IMG_6943,./test/droh_real2d_wristnorm/thumbup/IMG_6943.npy,test,Left
thumbup,IMG_6971,./test/droh_real2d_wristnorm/thumbup/IMG_6971.npy,test,Left
thumbup,IMG_7005,./test/droh_real2d_wristnorm/thumbup/IMG_7005.npy,test,Left
thumbup,IMG_7006,./test/droh_real2d_wristnorm/thumbup/IMG_7006.npy,test,Left
thumbup,IMG_7008,./test/droh_real2d_wristnorm/thumbup/IMG_7008.npy,test,Left
thumbup,IMG_7039,./test/droh_real2d_wristnorm/thumbup/IMG_7039.npy,test,Right
thumbup,IMG_7041,./test/droh_real2d_wristnorm/thumbup/IMG_7041.npy,test,Right
thumbup,IMG_7042,./test/droh_real2d_wristnorm/thumbup/IMG_7042.npy,test,Right
thumbup,IMG_7074,./test/droh_real2d_wristnorm/thumbup/IMG_7074.npy,test,Right
thumbup,IMG_7263,./test/droh_real2d_wristnorm/thumbup/IMG_7263.npy,test,Left
thumbup,IMG_7326,./test/droh_real2d_wristnorm/thumbup/IMG_7326.npy,test,Left
thumbup,IMG_7361,./test/droh_real2d_wristnorm/thumbup/IMG_7361.npy,test,Left
thumbup,IMG_7384,./test/droh_real2d_wristnorm/thumbup/IMG_7384.npy,test,Right
thumbup,IMG_7453,./test/droh_real2d_wristnorm/thumbup/IMG_7453.npy,test,Left
thumbup,IMG_7487,./test/droh_real2d_wristnorm/thumbup/IMG_7487.npy,test,Right
thumbup,IMG_7556,./test/droh_real2d_wristnorm/thumbup/IMG_7556.npy,test,Left
thumbup,IMG_7621,./test/droh_real2d_wristnorm/thumbup/IMG_7621.npy,test,Left
thumbup,IMG_7622,./test/droh_real2d_wristnorm/thumbup/IMG_7622.npy,test,Left
thumbup,IMG_7623,./test/droh_real2d_wristnorm/thumbup/IMG_7623.npy,test,Left
thumbup,IMG_7727,./test/droh_real2d_wristnorm/thumbup/IMG_7727.npy,test,Right
thumbup,IMG_7760,./test/droh_real2d_wristnorm/thumbup/IMG_7760.npy,test,Left
thumbup,IMG_7787,./test/droh_real2d_wristnorm/thumbup/IMG_7787.npy,test,Left
thumbup,IMG_7788,./test/droh_real2d_wristnorm/thumbup/IMG_7788.npy,test,Left
thumbup,IMG_7789,./test/droh_real2d_wristnorm/thumbup/IMG_7789.npy,test,Left
thumbup,IMG_7790,./test/droh_real2d_wristnorm/thumbup/IMG_7790.npy,test,Left
thumbup,IMG_7860,./test/droh_real2d_wristnorm/thumbup/IMG_7860.npy,test,Left
thumbup,IMG_7894,./test/droh_real2d_wristnorm/thumbup/IMG_7894.npy,test,Left
thumbup,IMG_8020,./test/droh_real2d_wristnorm/thumbup/IMG_8020.npy,test,Left
thumbup,IMG_8113,./test/droh_real2d_wristnorm/thumbup/IMG_8113.npy,test,Left
thumbup,IMG_8117,./test/droh_real2d_wristnorm/thumbup/IMG_8117.npy,test,Left
thumbup,IMG_8145,./test/droh_real2d_wristnorm/thumbup/IMG_8145.npy,test,Right
thumbup,IMG_8146,./test/droh_real2d_wristnorm/thumbup/IMG_8146.npy,test,Right
thumbup,IMG_8148,./test/droh_real2d_wristnorm/thumbup/IMG_8148.npy,test,Right
thumbup,IMG_8181,./test/droh_real2d_wristnorm/thumbup/IMG_8181.npy,test,Left
thumbup,IMG_8183,./test/droh_real2d_wristnorm/thumbup/IMG_8183.npy,test,Left
