action,source_action,sample_id,split,raw_path,refined_path
ok,ok,IMG_6289,test,./test/skeleton_final_v2/ok/IMG_6289.npy,./data/droh_refined/ok/fitted/IMG_6289.npy
ok,ok,IMG_6290,test,./test/skeleton_final_v2/ok/IMG_6290.npy,./data/droh_refined/ok/fitted/IMG_6290.npy
ok,ok,IMG_6292,test,./test/skeleton_final_v2/ok/IMG_6292.npy,./data/droh_refined/ok/fitted/IMG_6292.npy
ok,ok,IMG_6327,test,./test/skeleton_final_v2/ok/IMG_6327.npy,./data/droh_refined/ok/fitted/IMG_6327.npy
ok,ok,IMG_6329,test,./test/skeleton_final_v2/ok/IMG_6329.npy,./data/droh_refined/ok/fitted/IMG_6329.npy
ok,ok,IMG_6362,test,./test/skeleton_final_v2/ok/IMG_6362.npy,./data/droh_refined/ok/fitted/IMG_6362.npy
ok,ok,IMG_6363,test,./test/skeleton_final_v2/ok/IMG_6363.npy,./data/droh_refined/ok/fitted/IMG_6363.npy
ok,ok,IMG_6396,test,./test/skeleton_final_v2/ok/IMG_6396.npy,./data/droh_refined/ok/fitted/IMG_6396.npy
ok,ok,IMG_6434,test,./test/skeleton_final_v2/ok/IMG_6434.npy,./data/droh_refined/ok/fitted/IMG_6434.npy
ok,ok,IMG_6437,test,./test/skeleton_final_v2/ok/IMG_6437.npy,./data/droh_refined/ok/fitted/IMG_6437.npy
ok,ok,IMG_6472,test,./test/skeleton_final_v2/ok/IMG_6472.npy,./data/droh_refined/ok/fitted/IMG_6472.npy
ok,ok,IMG_6474,test,./test/skeleton_final_v2/ok/IMG_6474.npy,./data/droh_refined/ok/fitted/IMG_6474.npy
ok,ok,IMG_6512,test,./test/skeleton_final_v2/ok/IMG_6512.npy,./data/droh_refined/ok/fitted/IMG_6512.npy
ok,ok,IMG_6554,test,./test/skeleton_final_v2/ok/IMG_6554.npy,./data/droh_refined/ok/fitted/IMG_6554.npy
ok,ok,IMG_6555,test,./test/skeleton_final_v2/ok/IMG_6555.npy,./data/droh_refined/ok/fitted/IMG_6555.npy
ok,ok,IMG_6591,test,./test/skeleton_final_v2/ok/IMG_6591.npy,./data/droh_refined/ok/fitted/IMG_6591.npy
ok,ok,IMG_6623,test,./test/skeleton_final_v2/ok/IMG_6623.npy,./data/droh_refined/ok/fitted/IMG_6623.npy
ok,ok,IMG_6624,test,./test/skeleton_final_v2/ok/IMG_6624.npy,./data/droh_refined/ok/fitted/IMG_6624.npy
ok,ok,IMG_6712,test,./test/skeleton_final_v2/ok/IMG_6712.npy,./data/droh_refined/ok/fitted/IMG_6712.npy
ok,ok,IMG_6714,test,./test/skeleton_final_v2/ok/IMG_6714.npy,./data/droh_refined/ok/fitted/IMG_6714.npy
ok,ok,IMG_6738,test,./test/skeleton_final_v2/ok/IMG_6738.npy,./data/droh_refined/ok/fitted/IMG_6738.npy
ok,ok,IMG_6803,test,./test/skeleton_final_v2/ok/IMG_6803.npy,./data/droh_refined/ok/fitted/IMG_6803.npy
ok,ok,IMG_6805,test,./test/skeleton_final_v2/ok/IMG_6805.npy,./data/droh_refined/ok/fitted/IMG_6805.npy
ok,ok,IMG_6834,test,./test/skeleton_final_v2/ok/IMG_6834.npy,./data/droh_refined/ok/fitted/IMG_6834.npy
ok,ok,IMG_6835,test,./test/skeleton_final_v2/ok/IMG_6835.npy,./data/droh_refined/ok/fitted/IMG_6835.npy
ok,ok,IMG_6937,test,./test/skeleton_final_v2/ok/IMG_6937.npy,./data/droh_refined/ok/fitted/IMG_6937.npy
ok,ok,IMG_6938,test,./test/skeleton_final_v2/ok/IMG_6938.npy,./data/droh_refined/ok/fitted/IMG_6938.npy
ok,ok,IMG_6967,test,./test/skeleton_final_v2/ok/IMG_6967.npy,./data/droh_refined/ok/fitted/IMG_6967.npy
ok,ok,IMG_6968,test,./test/skeleton_final_v2/ok/IMG_6968.npy,./data/droh_refined/ok/fitted/IMG_6968.npy
ok,ok,IMG_6969,test,./test/skeleton_final_v2/ok/IMG_6969.npy,./data/droh_refined/ok/fitted/IMG_6969.npy
ok,ok,IMG_6970,test,./test/skeleton_final_v2/ok/IMG_6970.npy,./data/droh_refined/ok/fitted/IMG_6970.npy
ok,ok,IMG_7001,test,./test/skeleton_final_v2/ok/IMG_7001.npy,./data/droh_refined/ok/fitted/IMG_7001.npy
ok,ok,IMG_7036,test,./test/skeleton_final_v2/ok/IMG_7036.npy,./data/droh_refined/ok/fitted/IMG_7036.npy
ok,ok,IMG_7037,test,./test/skeleton_final_v2/ok/IMG_7037.npy,./data/droh_refined/ok/fitted/IMG_7037.npy
ok,ok,IMG_7038,test,./test/skeleton_final_v2/ok/IMG_7038.npy,./data/droh_refined/ok/fitted/IMG_7038.npy
ok,ok,IMG_7070,test,./test/skeleton_final_v2/ok/IMG_7070.npy,./data/droh_refined/ok/fitted/IMG_7070.npy
ok,ok,IMG_7072,test,./test/skeleton_final_v2/ok/IMG_7072.npy,./data/droh_refined/ok/fitted/IMG_7072.npy
ok,ok,IMG_7073,test,./test/skeleton_final_v2/ok/IMG_7073.npy,./data/droh_refined/ok/fitted/IMG_7073.npy
ok,ok,IMG_7227,test,./test/skeleton_final_v2/ok/IMG_7227.npy,./data/droh_refined/ok/fitted/IMG_7227.npy
ok,ok,IMG_7228,test,./test/skeleton_final_v2/ok/IMG_7228.npy,./data/droh_refined/ok/fitted/IMG_7228.npy
ok,ok,IMG_7258,test,./test/skeleton_final_v2/ok/IMG_7258.npy,./data/droh_refined/ok/fitted/IMG_7258.npy
ok,ok,IMG_7259,test,./test/skeleton_final_v2/ok/IMG_7259.npy,./data/droh_refined/ok/fitted/IMG_7259.npy
ok,ok,IMG_7260,test,./test/skeleton_final_v2/ok/IMG_7260.npy,./data/droh_refined/ok/fitted/IMG_7260.npy
ok,ok,IMG_7288,test,./test/skeleton_final_v2/ok/IMG_7288.npy,./data/droh_refined/ok/fitted/IMG_7288.npy
ok,ok,IMG_7290,test,./test/skeleton_final_v2/ok/IMG_7290.npy,./data/droh_refined/ok/fitted/IMG_7290.npy
ok,ok,IMG_7291,test,./test/skeleton_final_v2/ok/IMG_7291.npy,./data/droh_refined/ok/fitted/IMG_7291.npy
ok,ok,IMG_7322,test,./test/skeleton_final_v2/ok/IMG_7322.npy,./data/droh_refined/ok/fitted/IMG_7322.npy
ok,ok,IMG_7323,test,./test/skeleton_final_v2/ok/IMG_7323.npy,./data/droh_refined/ok/fitted/IMG_7323.npy
ok,ok,IMG_7351,test,./test/skeleton_final_v2/ok/IMG_7351.npy,./data/droh_refined/ok/fitted/IMG_7351.npy
ok,ok,IMG_7352,test,./test/skeleton_final_v2/ok/IMG_7352.npy,./data/droh_refined/ok/fitted/IMG_7352.npy
ok,ok,IMG_7354,test,./test/skeleton_final_v2/ok/IMG_7354.npy,./data/droh_refined/ok/fitted/IMG_7354.npy
ok,ok,IMG_7355,test,./test/skeleton_final_v2/ok/IMG_7355.npy,./data/droh_refined/ok/fitted/IMG_7355.npy
ok,ok,IMG_7391,test,./test/skeleton_final_v2/ok/IMG_7391.npy,./data/droh_refined/ok/fitted/IMG_7391.npy
ok,ok,IMG_7394,test,./test/skeleton_final_v2/ok/IMG_7394.npy,./data/droh_refined/ok/fitted/IMG_7394.npy
ok,ok,IMG_7416,test,./test/skeleton_final_v2/ok/IMG_7416.npy,./data/droh_refined/ok/fitted/IMG_7416.npy
ok,ok,IMG_7418,test,./test/skeleton_final_v2/ok/IMG_7418.npy,./data/droh_refined/ok/fitted/IMG_7418.npy
ok,ok,IMG_7448,test,./test/skeleton_final_v2/ok/IMG_7448.npy,./data/droh_refined/ok/fitted/IMG_7448.npy
ok,ok,IMG_7484,test,./test/skeleton_final_v2/ok/IMG_7484.npy,./data/droh_refined/ok/fitted/IMG_7484.npy
ok,ok,IMG_7529,test,./test/skeleton_final_v2/ok/IMG_7529.npy,./data/droh_refined/ok/fitted/IMG_7529.npy
ok,ok,IMG_7550,test,./test/skeleton_final_v2/ok/IMG_7550.npy,./data/droh_refined/ok/fitted/IMG_7550.npy
ok,ok,IMG_7581,test,./test/skeleton_final_v2/ok/IMG_7581.npy,./data/droh_refined/ok/fitted/IMG_7581.npy
ok,ok,IMG_7582,test,./test/skeleton_final_v2/ok/IMG_7582.npy,./data/droh_refined/ok/fitted/IMG_7582.npy
ok,ok,IMG_7583,test,./test/skeleton_final_v2/ok/IMG_7583.npy,./data/droh_refined/ok/fitted/IMG_7583.npy
ok,ok,IMG_7584,test,./test/skeleton_final_v2/ok/IMG_7584.npy,./data/droh_refined/ok/fitted/IMG_7584.npy
ok,ok,IMG_7585,test,./test/skeleton_final_v2/ok/IMG_7585.npy,./data/droh_refined/ok/fitted/IMG_7585.npy
ok,ok,IMG_7613,test,./test/skeleton_final_v2/ok/IMG_7613.npy,./data/droh_refined/ok/fitted/IMG_7613.npy
ok,ok,IMG_7614,test,./test/skeleton_final_v2/ok/IMG_7614.npy,./data/droh_refined/ok/fitted/IMG_7614.npy
ok,ok,IMG_7616,test,./test/skeleton_final_v2/ok/IMG_7616.npy,./data/droh_refined/ok/fitted/IMG_7616.npy
ok,ok,IMG_7617,test,./test/skeleton_final_v2/ok/IMG_7617.npy,./data/droh_refined/ok/fitted/IMG_7617.npy
ok,ok,IMG_7618,test,./test/skeleton_final_v2/ok/IMG_7618.npy,./data/droh_refined/ok/fitted/IMG_7618.npy
ok,ok,IMG_7655,test,./test/skeleton_final_v2/ok/IMG_7655.npy,./data/droh_refined/ok/fitted/IMG_7655.npy
ok,ok,IMG_7656,test,./test/skeleton_final_v2/ok/IMG_7656.npy,./data/droh_refined/ok/fitted/IMG_7656.npy
ok,ok,IMG_7657,test,./test/skeleton_final_v2/ok/IMG_7657.npy,./data/droh_refined/ok/fitted/IMG_7657.npy
ok,ok,IMG_7660,test,./test/skeleton_final_v2/ok/IMG_7660.npy,./data/droh_refined/ok/fitted/IMG_7660.npy
ok,ok,IMG_7690,test,./test/skeleton_final_v2/ok/IMG_7690.npy,./data/droh_refined/ok/fitted/IMG_7690.npy
ok,ok,IMG_7691,test,./test/skeleton_final_v2/ok/IMG_7691.npy,./data/droh_refined/ok/fitted/IMG_7691.npy
ok,ok,IMG_7693,test,./test/skeleton_final_v2/ok/IMG_7693.npy,./data/droh_refined/ok/fitted/IMG_7693.npy
ok,ok,IMG_7722,test,./test/skeleton_final_v2/ok/IMG_7722.npy,./data/droh_refined/ok/fitted/IMG_7722.npy
ok,ok,IMG_7723,test,./test/skeleton_final_v2/ok/IMG_7723.npy,./data/droh_refined/ok/fitted/IMG_7723.npy
ok,ok,IMG_7753,test,./test/skeleton_final_v2/ok/IMG_7753.npy,./data/droh_refined/ok/fitted/IMG_7753.npy
ok,ok,IMG_7756,test,./test/skeleton_final_v2/ok/IMG_7756.npy,./data/droh_refined/ok/fitted/IMG_7756.npy
ok,ok,IMG_7782,test,./test/skeleton_final_v2/ok/IMG_7782.npy,./data/droh_refined/ok/fitted/IMG_7782.npy
ok,ok,IMG_7783,test,./test/skeleton_final_v2/ok/IMG_7783.npy,./data/droh_refined/ok/fitted/IMG_7783.npy
ok,ok,IMG_7786,test,./test/skeleton_final_v2/ok/IMG_7786.npy,./data/droh_refined/ok/fitted/IMG_7786.npy
ok,ok,IMG_7854,test,./test/skeleton_final_v2/ok/IMG_7854.npy,./data/droh_refined/ok/fitted/IMG_7854.npy
ok,ok,IMG_7887,test,./test/skeleton_final_v2/ok/IMG_7887.npy,./data/droh_refined/ok/fitted/IMG_7887.npy
ok,ok,IMG_7888,test,./test/skeleton_final_v2/ok/IMG_7888.npy,./data/droh_refined/ok/fitted/IMG_7888.npy
ok,ok,IMG_7890,test,./test/skeleton_final_v2/ok/IMG_7890.npy,./data/droh_refined/ok/fitted/IMG_7890.npy
ok,ok,IMG_7891,test,./test/skeleton_final_v2/ok/IMG_7891.npy,./data/droh_refined/ok/fitted/IMG_7891.npy
ok,ok,IMG_7922,test,./test/skeleton_final_v2/ok/IMG_7922.npy,./data/droh_refined/ok/fitted/IMG_7922.npy
ok,ok,IMG_7948,test,./test/skeleton_final_v2/ok/IMG_7948.npy,./data/droh_refined/ok/fitted/IMG_7948.npy
ok,ok,IMG_7950,test,./test/skeleton_final_v2/ok/IMG_7950.npy,./data/droh_refined/ok/fitted/IMG_7950.npy
ok,ok,IMG_7951,test,./test/skeleton_final_v2/ok/IMG_7951.npy,./data/droh_refined/ok/fitted/IMG_7951.npy
ok,ok,IMG_7980,test,./test/skeleton_final_v2/ok/IMG_7980.npy,./data/droh_refined/ok/fitted/IMG_7980.npy
ok,ok,IMG_8014,test,./test/skeleton_final_v2/ok/IMG_8014.npy,./data/droh_refined/ok/fitted/IMG_8014.npy
ok,ok,IMG_8046,test,./test/skeleton_final_v2/ok/IMG_8046.npy,./data/droh_refined/ok/fitted/IMG_8046.npy
ok,ok,IMG_8047,test,./test/skeleton_final_v2/ok/IMG_8047.npy,./data/droh_refined/ok/fitted/IMG_8047.npy
ok,ok,IMG_8049,test,./test/skeleton_final_v2/ok/IMG_8049.npy,./data/droh_refined/ok/fitted/IMG_8049.npy
ok,ok,IMG_8087,test,./test/skeleton_final_v2/ok/IMG_8087.npy,./data/droh_refined/ok/fitted/IMG_8087.npy
ok,ok,IMG_8088,test,./test/skeleton_final_v2/ok/IMG_8088.npy,./data/droh_refined/ok/fitted/IMG_8088.npy
ok,ok,IMG_8089,test,./test/skeleton_final_v2/ok/IMG_8089.npy,./data/droh_refined/ok/fitted/IMG_8089.npy
ok,ok,IMG_8091,test,./test/skeleton_final_v2/ok/IMG_8091.npy,./data/droh_refined/ok/fitted/IMG_8091.npy
ok,ok,IMG_8109,test,./test/skeleton_final_v2/ok/IMG_8109.npy,./data/droh_refined/ok/fitted/IMG_8109.npy
ok,ok,IMG_8110,test,./test/skeleton_final_v2/ok/IMG_8110.npy,./data/droh_refined/ok/fitted/IMG_8110.npy
ok,ok,IMG_8177,test,./test/skeleton_final_v2/ok/IMG_8177.npy,./data/droh_refined/ok/fitted/IMG_8177.npy
ok,ok,IMG_8178,test,./test/skeleton_final_v2/ok/IMG_8178.npy,./data/droh_refined/ok/fitted/IMG_8178.npy
paper,paper,IMG_6274,test,./test/skeleton_final_v2/paper/IMG_6274.npy,./data/droh_refined/paper/fitted/IMG_6274.npy
paper,paper,IMG_6275,test,./test/skeleton_final_v2/paper/IMG_6275.npy,./data/droh_refined/paper/fitted/IMG_6275.npy
paper,paper,IMG_6276,test,./test/skeleton_final_v2/paper/IMG_6276.npy,./data/droh_refined/paper/fitted/IMG_6276.npy
paper,paper,IMG_6277,test,./test/skeleton_final_v2/paper/IMG_6277.npy,./data/droh_refined/paper/fitted/IMG_6277.npy
paper,paper,IMG_6279,test,./test/skeleton_final_v2/paper/IMG_6279.npy,./data/droh_refined/paper/fitted/IMG_6279.npy
paper,paper,IMG_6280,test,./test/skeleton_final_v2/paper/IMG_6280.npy,./data/droh_refined/paper/fitted/IMG_6280.npy
paper,paper,IMG_6323,test,./test/skeleton_final_v2/paper/IMG_6323.npy,./data/droh_refined/paper/fitted/IMG_6323.npy
paper,paper,IMG_6324,test,./test/skeleton_final_v2/paper/IMG_6324.npy,./data/droh_refined/paper/fitted/IMG_6324.npy
paper,paper,IMG_6325,test,./test/skeleton_final_v2/paper/IMG_6325.npy,./data/droh_refined/paper/fitted/IMG_6325.npy
paper,paper,IMG_6326,test,./test/skeleton_final_v2/paper/IMG_6326.npy,./data/droh_refined/paper/fitted/IMG_6326.npy
paper,paper,IMG_6355,test,./test/skeleton_final_v2/paper/IMG_6355.npy,./data/droh_refined/paper/fitted/IMG_6355.npy
paper,paper,IMG_6358,test,./test/skeleton_final_v2/paper/IMG_6358.npy,./data/droh_refined/paper/fitted/IMG_6358.npy
paper,paper,IMG_6359,test,./test/skeleton_final_v2/paper/IMG_6359.npy,./data/droh_refined/paper/fitted/IMG_6359.npy
paper,paper,IMG_6391,test,./test/skeleton_final_v2/paper/IMG_6391.npy,./data/droh_refined/paper/fitted/IMG_6391.npy
paper,paper,IMG_6392,test,./test/skeleton_final_v2/paper/IMG_6392.npy,./data/droh_refined/paper/fitted/IMG_6392.npy
paper,paper,IMG_6393,test,./test/skeleton_final_v2/paper/IMG_6393.npy,./data/droh_refined/paper/fitted/IMG_6393.npy
paper,paper,IMG_6395,test,./test/skeleton_final_v2/paper/IMG_6395.npy,./data/droh_refined/paper/fitted/IMG_6395.npy
paper,paper,IMG_6427,test,./test/skeleton_final_v2/paper/IMG_6427.npy,./data/droh_refined/paper/fitted/IMG_6427.npy
paper,paper,IMG_6429,test,./test/skeleton_final_v2/paper/IMG_6429.npy,./data/droh_refined/paper/fitted/IMG_6429.npy
paper,paper,IMG_6430,test,./test/skeleton_final_v2/paper/IMG_6430.npy,./data/droh_refined/paper/fitted/IMG_6430.npy
paper,paper,IMG_6431,test,./test/skeleton_final_v2/paper/IMG_6431.npy,./data/droh_refined/paper/fitted/IMG_6431.npy
paper,paper,IMG_6467,test,./test/skeleton_final_v2/paper/IMG_6467.npy,./data/droh_refined/paper/fitted/IMG_6467.npy
paper,paper,IMG_6468,test,./test/skeleton_final_v2/paper/IMG_6468.npy,./data/droh_refined/paper/fitted/IMG_6468.npy
paper,paper,IMG_6469,test,./test/skeleton_final_v2/paper/IMG_6469.npy,./data/droh_refined/paper/fitted/IMG_6469.npy
paper,paper,IMG_6504,test,./test/skeleton_final_v2/paper/IMG_6504.npy,./data/droh_refined/paper/fitted/IMG_6504.npy
paper,paper,IMG_6505,test,./test/skeleton_final_v2/paper/IMG_6505.npy,./data/droh_refined/paper/fitted/IMG_6505.npy
paper,paper,IMG_6508,test,./test/skeleton_final_v2/paper/IMG_6508.npy,./data/droh_refined/paper/fitted/IMG_6508.npy
paper,paper,IMG_6546,test,./test/skeleton_final_v2/paper/IMG_6546.npy,./data/droh_refined/paper/fitted/IMG_6546.npy
paper,paper,IMG_6547,test,./test/skeleton_final_v2/paper/IMG_6547.npy,./data/droh_refined/paper/fitted/IMG_6547.npy
paper,paper,IMG_6548,test,./test/skeleton_final_v2/paper/IMG_6548.npy,./data/droh_refined/paper/fitted/IMG_6548.npy
paper,paper,IMG_6549,test,./test/skeleton_final_v2/paper/IMG_6549.npy,./data/droh_refined/paper/fitted/IMG_6549.npy
paper,paper,IMG_6550,test,./test/skeleton_final_v2/paper/IMG_6550.npy,./data/droh_refined/paper/fitted/IMG_6550.npy
paper,paper,IMG_6582,test,./test/skeleton_final_v2/paper/IMG_6582.npy,./data/droh_refined/paper/fitted/IMG_6582.npy
paper,paper,IMG_6583,test,./test/skeleton_final_v2/paper/IMG_6583.npy,./data/droh_refined/paper/fitted/IMG_6583.npy
paper,paper,IMG_6584,test,./test/skeleton_final_v2/paper/IMG_6584.npy,./data/droh_refined/paper/fitted/IMG_6584.npy
paper,paper,IMG_6585,test,./test/skeleton_final_v2/paper/IMG_6585.npy,./data/droh_refined/paper/fitted/IMG_6585.npy
paper,paper,IMG_6619,test,./test/skeleton_final_v2/paper/IMG_6619.npy,./data/droh_refined/paper/fitted/IMG_6619.npy
paper,paper,IMG_6622,test,./test/skeleton_final_v2/paper/IMG_6622.npy,./data/droh_refined/paper/fitted/IMG_6622.npy
paper,paper,IMG_6653,test,./test/skeleton_final_v2/paper/IMG_6653.npy,./data/droh_refined/paper/fitted/IMG_6653.npy
paper,paper,IMG_6654,test,./test/skeleton_final_v2/paper/IMG_6654.npy,./data/droh_refined/paper/fitted/IMG_6654.npy
paper,paper,IMG_6655,test,./test/skeleton_final_v2/paper/IMG_6655.npy,./data/droh_refined/paper/fitted/IMG_6655.npy
paper,paper,IMG_6656,test,./test/skeleton_final_v2/paper/IMG_6656.npy,./data/droh_refined/paper/fitted/IMG_6656.npy
paper,paper,IMG_6708,test,./test/skeleton_final_v2/paper/IMG_6708.npy,./data/droh_refined/paper/fitted/IMG_6708.npy
paper,paper,IMG_6709,test,./test/skeleton_final_v2/paper/IMG_6709.npy,./data/droh_refined/paper/fitted/IMG_6709.npy
paper,paper,IMG_6710,test,./test/skeleton_final_v2/paper/IMG_6710.npy,./data/droh_refined/paper/fitted/IMG_6710.npy
paper,paper,IMG_6732,test,./test/skeleton_final_v2/paper/IMG_6732.npy,./data/droh_refined/paper/fitted/IMG_6732.npy
paper,paper,IMG_6767,test,./test/skeleton_final_v2/paper/IMG_6767.npy,./data/droh_refined/paper/fitted/IMG_6767.npy
paper,paper,IMG_6799,test,./test/skeleton_final_v2/paper/IMG_6799.npy,./data/droh_refined/paper/fitted/IMG_6799.npy
paper,paper,IMG_6830,test,./test/skeleton_final_v2/paper/IMG_6830.npy,./data/droh_refined/paper/fitted/IMG_6830.npy
paper,paper,IMG_6861,test,./test/skeleton_final_v2/paper/IMG_6861.npy,./data/droh_refined/paper/fitted/IMG_6861.npy
paper,paper,IMG_6862,test,./test/skeleton_final_v2/paper/IMG_6862.npy,./data/droh_refined/paper/fitted/IMG_6862.npy
paper,paper,IMG_6864,test,./test/skeleton_final_v2/paper/IMG_6864.npy,./data/droh_refined/paper/fitted/IMG_6864.npy
paper,paper,IMG_6865,test,./test/skeleton_final_v2/paper/IMG_6865.npy,./data/droh_refined/paper/fitted/IMG_6865.npy
paper,paper,IMG_6909,test,./test/skeleton_final_v2/paper/IMG_6909.npy,./data/droh_refined/paper/fitted/IMG_6909.npy
paper,paper,IMG_6910,test,./test/skeleton_final_v2/paper/IMG_6910.npy,./data/droh_refined/paper/fitted/IMG_6910.npy
paper,paper,IMG_6911,test,./test/skeleton_final_v2/paper/IMG_6911.npy,./data/droh_refined/paper/fitted/IMG_6911.npy
paper,paper,IMG_6913,test,./test/skeleton_final_v2/paper/IMG_6913.npy,./data/droh_refined/paper/fitted/IMG_6913.npy
paper,paper,IMG_6934,test,./test/skeleton_final_v2/paper/IMG_6934.npy,./data/droh_refined/paper/fitted/IMG_6934.npy
paper,paper,IMG_6935,test,./test/skeleton_final_v2/paper/IMG_6935.npy,./data/droh_refined/paper/fitted/IMG_6935.npy
paper,paper,IMG_6963,test,./test/skeleton_final_v2/paper/IMG_6963.npy,./data/droh_refined/paper/fitted/IMG_6963.npy
paper,paper,IMG_6964,test,./test/skeleton_final_v2/paper/IMG_6964.npy,./data/droh_refined/paper/fitted/IMG_6964.npy
paper,paper,IMG_6965,test,./test/skeleton_final_v2/paper/IMG_6965.npy,./data/droh_refined/paper/fitted/IMG_6965.npy
paper,paper,IMG_6994,test,./test/skeleton_final_v2/paper/IMG_6994.npy,./data/droh_refined/paper/fitted/IMG_6994.npy
paper,paper,IMG_6995,test,./test/skeleton_final_v2/paper/IMG_6995.npy,./data/droh_refined/paper/fitted/IMG_6995.npy
paper,paper,IMG_6996,test,./test/skeleton_final_v2/paper/IMG_6996.npy,./data/droh_refined/paper/fitted/IMG_6996.npy
paper,paper,IMG_7033,test,./test/skeleton_final_v2/paper/IMG_7033.npy,./data/droh_refined/paper/fitted/IMG_7033.npy
paper,paper,IMG_7064,test,./test/skeleton_final_v2/paper/IMG_7064.npy,./data/droh_refined/paper/fitted/IMG_7064.npy
paper,paper,IMG_7065,test,./test/skeleton_final_v2/paper/IMG_7065.npy,./data/droh_refined/paper/fitted/IMG_7065.npy
paper,paper,IMG_7067,test,./test/skeleton_final_v2/paper/IMG_7067.npy,./data/droh_refined/paper/fitted/IMG_7067.npy
paper,paper,IMG_7068,test,./test/skeleton_final_v2/paper/IMG_7068.npy,./data/droh_refined/paper/fitted/IMG_7068.npy
paper,paper,IMG_7222,test,./test/skeleton_final_v2/paper/IMG_7222.npy,./data/droh_refined/paper/fitted/IMG_7222.npy
paper,paper,IMG_7223,test,./test/skeleton_final_v2/paper/IMG_7223.npy,./data/droh_refined/paper/fitted/IMG_7223.npy
paper,paper,IMG_7224,test,./test/skeleton_final_v2/paper/IMG_7224.npy,./data/droh_refined/paper/fitted/IMG_7224.npy
paper,paper,IMG_7254,test,./test/skeleton_final_v2/paper/IMG_7254.npy,./data/droh_refined/paper/fitted/IMG_7254.npy
paper,paper,IMG_7285,test,./test/skeleton_final_v2/paper/IMG_7285.npy,./data/droh_refined/paper/fitted/IMG_7285.npy
paper,paper,IMG_7286,test,./test/skeleton_final_v2/paper/IMG_7286.npy,./data/droh_refined/paper/fitted/IMG_7286.npy
paper,paper,IMG_7316,test,./test/skeleton_final_v2/paper/IMG_7316.npy,./data/droh_refined/paper/fitted/IMG_7316.npy
paper,paper,IMG_7317,test,./test/skeleton_final_v2/paper/IMG_7317.npy,./data/droh_refined/paper/fitted/IMG_7317.npy
paper,paper,IMG_7345,test,./test/skeleton_final_v2/paper/IMG_7345.npy,./data/droh_refined/paper/fitted/IMG_7345.npy
paper,paper,IMG_7347,test,./test/skeleton_final_v2/paper/IMG_7347.npy,./data/droh_refined/paper/fitted/IMG_7347.npy
paper,paper,IMG_7349,test,./test/skeleton_final_v2/paper/IMG_7349.npy,./data/droh_refined/paper/fitted/IMG_7349.npy
paper,paper,IMG_7382,test,./test/skeleton_final_v2/paper/IMG_7382.npy,./data/droh_refined/paper/fitted/IMG_7382.npy
paper,paper,IMG_7414,test,./test/skeleton_final_v2/paper/IMG_7414.npy,./data/droh_refined/paper/fitted/IMG_7414.npy
paper,paper,IMG_7443,test,./test/skeleton_final_v2/paper/IMG_7443.npy,./data/droh_refined/paper/fitted/IMG_7443.npy
paper,paper,IMG_7446,test,./test/skeleton_final_v2/paper/IMG_7446.npy,./data/droh_refined/paper/fitted/IMG_7446.npy
paper,paper,IMG_7447,test,./test/skeleton_final_v2/paper/IMG_7447.npy,./data/droh_refined/paper/fitted/IMG_7447.npy
paper,paper,IMG_7476,test,./test/skeleton_final_v2/paper/IMG_7476.npy,./data/droh_refined/paper/fitted/IMG_7476.npy
paper,paper,IMG_7477,test,./test/skeleton_final_v2/paper/IMG_7477.npy,./data/droh_refined/paper/fitted/IMG_7477.npy
paper,paper,IMG_7513,test,./test/skeleton_final_v2/paper/IMG_7513.npy,./data/droh_refined/paper/fitted/IMG_7513.npy
paper,paper,IMG_7515,test,./test/skeleton_final_v2/paper/IMG_7515.npy,./data/droh_refined/paper/fitted/IMG_7515.npy
paper,paper,IMG_7545,test,./test/skeleton_final_v2/paper/IMG_7545.npy,./data/droh_refined/paper/fitted/IMG_7545.npy
paper,paper,IMG_7578,test,./test/skeleton_final_v2/paper/IMG_7578.npy,./data/droh_refined/paper/fitted/IMG_7578.npy
paper,paper,IMG_7579,test,./test/skeleton_final_v2/paper/IMG_7579.npy,./data/droh_refined/paper/fitted/IMG_7579.npy
paper,paper,IMG_7609,test,./test/skeleton_final_v2/paper/IMG_7609.npy,./data/droh_refined/paper/fitted/IMG_7609.npy
paper,paper,IMG_7610,test,./test/skeleton_final_v2/paper/IMG_7610.npy,./data/droh_refined/paper/fitted/IMG_7610.npy
paper,paper,IMG_7611,test,./test/skeleton_final_v2/paper/IMG_7611.npy,./data/droh_refined/paper/fitted/IMG_7611.npy
paper,paper,IMG_7652,test,./test/skeleton_final_v2/paper/IMG_7652.npy,./data/droh_refined/paper/fitted/IMG_7652.npy
paper,paper,IMG_7653,test,./test/skeleton_final_v2/paper/IMG_7653.npy,./data/droh_refined/paper/fitted/IMG_7653.npy
paper,paper,IMG_7717,test,./test/skeleton_final_v2/paper/IMG_7717.npy,./data/droh_refined/paper/fitted/IMG_7717.npy
paper,paper,IMG_7718,test,./test/skeleton_final_v2/paper/IMG_7718.npy,./data/droh_refined/paper/fitted/IMG_7718.npy
paper,paper,IMG_7719,test,./test/skeleton_final_v2/paper/IMG_7719.npy,./data/droh_refined/paper/fitted/IMG_7719.npy
paper,paper,IMG_7720,test,./test/skeleton_final_v2/paper/IMG_7720.npy,./data/droh_refined/paper/fitted/IMG_7720.npy
paper,paper,IMG_7750,test,./test/skeleton_final_v2/paper/IMG_7750.npy,./data/droh_refined/paper/fitted/IMG_7750.npy
paper,paper,IMG_7778,test,./test/skeleton_final_v2/paper/IMG_7778.npy,./data/droh_refined/paper/fitted/IMG_7778.npy
paper,paper,IMG_7781,test,./test/skeleton_final_v2/paper/IMG_7781.npy,./data/droh_refined/paper/fitted/IMG_7781.npy
paper,paper,IMG_7850,test,./test/skeleton_final_v2/paper/IMG_7850.npy,./data/droh_refined/paper/fitted/IMG_7850.npy
paper,paper,IMG_7882,test,./test/skeleton_final_v2/paper/IMG_7882.npy,./data/droh_refined/paper/fitted/IMG_7882.npy
paper,paper,IMG_7883,test,./test/skeleton_final_v2/paper/IMG_7883.npy,./data/droh_refined/paper/fitted/IMG_7883.npy
paper,paper,IMG_7884,test,./test/skeleton_final_v2/paper/IMG_7884.npy,./data/droh_refined/paper/fitted/IMG_7884.npy
paper,paper,IMG_7885,test,./test/skeleton_final_v2/paper/IMG_7885.npy,./data/droh_refined/paper/fitted/IMG_7885.npy
paper,paper,IMG_7946,test,./test/skeleton_final_v2/paper/IMG_7946.npy,./data/droh_refined/paper/fitted/IMG_7946.npy
paper,paper,IMG_7947,test,./test/skeleton_final_v2/paper/IMG_7947.npy,./data/droh_refined/paper/fitted/IMG_7947.npy
paper,paper,IMG_7977,test,./test/skeleton_final_v2/paper/IMG_7977.npy,./data/droh_refined/paper/fitted/IMG_7977.npy
paper,paper,IMG_7979,test,./test/skeleton_final_v2/paper/IMG_7979.npy,./data/droh_refined/paper/fitted/IMG_7979.npy
paper,paper,IMG_8042,test,./test/skeleton_final_v2/paper/IMG_8042.npy,./data/droh_refined/paper/fitted/IMG_8042.npy
paper,paper,IMG_8043,test,./test/skeleton_final_v2/paper/IMG_8043.npy,./data/droh_refined/paper/fitted/IMG_8043.npy
paper,paper,IMG_8044,test,./test/skeleton_final_v2/paper/IMG_8044.npy,./data/droh_refined/paper/fitted/IMG_8044.npy
paper,paper,IMG_8073,test,./test/skeleton_final_v2/paper/IMG_8073.npy,./data/droh_refined/paper/fitted/IMG_8073.npy
paper,paper,IMG_8075,test,./test/skeleton_final_v2/paper/IMG_8075.npy,./data/droh_refined/paper/fitted/IMG_8075.npy
paper,paper,IMG_8105,test,./test/skeleton_final_v2/paper/IMG_8105.npy,./data/droh_refined/paper/fitted/IMG_8105.npy
paper,paper,IMG_8106,test,./test/skeleton_final_v2/paper/IMG_8106.npy,./data/droh_refined/paper/fitted/IMG_8106.npy
paper,paper,IMG_8139,test,./test/skeleton_final_v2/paper/IMG_8139.npy,./data/droh_refined/paper/fitted/IMG_8139.npy
paper,paper,IMG_8174,test,./test/skeleton_final_v2/paper/IMG_8174.npy,./data/droh_refined/paper/fitted/IMG_8174.npy
rock,rock,IMG_6254,test,./test/skeleton_final_v2/rock/IMG_6254.npy,./data/droh_refined/rock/fitted/IMG_6254.npy
rock,rock,IMG_6265,test,./test/skeleton_final_v2/rock/IMG_6265.npy,./data/droh_refined/rock/fitted/IMG_6265.npy
rock,rock,IMG_6266,test,./test/skeleton_final_v2/rock/IMG_6266.npy,./data/droh_refined/rock/fitted/IMG_6266.npy
rock,rock,IMG_6267,test,./test/skeleton_final_v2/rock/IMG_6267.npy,./data/droh_refined/rock/fitted/IMG_6267.npy
rock,rock,IMG_6271,test,./test/skeleton_final_v2/rock/IMG_6271.npy,./data/droh_refined/rock/fitted/IMG_6271.npy
rock,rock,IMG_6272,test,./test/skeleton_final_v2/rock/IMG_6272.npy,./data/droh_refined/rock/fitted/IMG_6272.npy
rock,rock,IMG_6318,test,./test/skeleton_final_v2/rock/IMG_6318.npy,./data/droh_refined/rock/fitted/IMG_6318.npy
rock,rock,IMG_6321,test,./test/skeleton_final_v2/rock/IMG_6321.npy,./data/droh_refined/rock/fitted/IMG_6321.npy
rock,rock,IMG_6345,test,./test/skeleton_final_v2/rock/IMG_6345.npy,./data/droh_refined/rock/fitted/IMG_6345.npy
rock,rock,IMG_6346,test,./test/skeleton_final_v2/rock/IMG_6346.npy,./data/droh_refined/rock/fitted/IMG_6346.npy
rock,rock,IMG_6348,test,./test/skeleton_final_v2/rock/IMG_6348.npy,./data/droh_refined/rock/fitted/IMG_6348.npy
rock,rock,IMG_6349,test,./test/skeleton_final_v2/rock/IMG_6349.npy,./data/droh_refined/rock/fitted/IMG_6349.npy
rock,rock,IMG_6384,test,./test/skeleton_final_v2/rock/IMG_6384.npy,./data/droh_refined/rock/fitted/IMG_6384.npy
rock,rock,IMG_6385,test,./test/skeleton_final_v2/rock/IMG_6385.npy,./data/droh_refined/rock/fitted/IMG_6385.npy
rock,rock,IMG_6417,test,./test/skeleton_final_v2/rock/IMG_6417.npy,./data/droh_refined/rock/fitted/IMG_6417.npy
rock,rock,IMG_6418,test,./test/skeleton_final_v2/rock/IMG_6418.npy,./data/droh_refined/rock/fitted/IMG_6418.npy
rock,rock,IMG_6420,test,./test/skeleton_final_v2/rock/IMG_6420.npy,./data/droh_refined/rock/fitted/IMG_6420.npy
rock,rock,IMG_6460,test,./test/skeleton_final_v2/rock/IMG_6460.npy,./data/droh_refined/rock/fitted/IMG_6460.npy
rock,rock,IMG_6499,test,./test/skeleton_final_v2/rock/IMG_6499.npy,./data/droh_refined/rock/fitted/IMG_6499.npy
rock,rock,IMG_6500,test,./test/skeleton_final_v2/rock/IMG_6500.npy,./data/droh_refined/rock/fitted/IMG_6500.npy
rock,rock,IMG_6502,test,./test/skeleton_final_v2/rock/IMG_6502.npy,./data/droh_refined/rock/fitted/IMG_6502.npy
rock,rock,IMG_6503,test,./test/skeleton_final_v2/rock/IMG_6503.npy,./data/droh_refined/rock/fitted/IMG_6503.npy
rock,rock,IMG_6541,test,./test/skeleton_final_v2/rock/IMG_6541.npy,./data/droh_refined/rock/fitted/IMG_6541.npy
rock,rock,IMG_6543,test,./test/skeleton_final_v2/rock/IMG_6543.npy,./data/droh_refined/rock/fitted/IMG_6543.npy
rock,rock,IMG_6574,test,./test/skeleton_final_v2/rock/IMG_6574.npy,./data/droh_refined/rock/fitted/IMG_6574.npy
rock,rock,IMG_6575,test,./test/skeleton_final_v2/rock/IMG_6575.npy,./data/droh_refined/rock/fitted/IMG_6575.npy
rock,rock,IMG_6611,test,./test/skeleton_final_v2/rock/IMG_6611.npy,./data/droh_refined/rock/fitted/IMG_6611.npy
rock,rock,IMG_6641,test,./test/skeleton_final_v2/rock/IMG_6641.npy,./data/droh_refined/rock/fitted/IMG_6641.npy
rock,rock,IMG_6700,test,./test/skeleton_final_v2/rock/IMG_6700.npy,./data/droh_refined/rock/fitted/IMG_6700.npy
rock,rock,IMG_6701,test,./test/skeleton_final_v2/rock/IMG_6701.npy,./data/droh_refined/rock/fitted/IMG_6701.npy
rock,rock,IMG_6720,test,./test/skeleton_final_v2/rock/IMG_6720.npy,./data/droh_refined/rock/fitted/IMG_6720.npy
rock,rock,IMG_6723,test,./test/skeleton_final_v2/rock/IMG_6723.npy,./data/droh_refined/rock/fitted/IMG_6723.npy
rock,rock,IMG_6765,test,./test/skeleton_final_v2/rock/IMG_6765.npy,./data/droh_refined/rock/fitted/IMG_6765.npy
rock,rock,IMG_6793,test,./test/skeleton_final_v2/rock/IMG_6793.npy,./data/droh_refined/rock/fitted/IMG_6793.npy
rock,rock,IMG_6794,test,./test/skeleton_final_v2/rock/IMG_6794.npy,./data/droh_refined/rock/fitted/IMG_6794.npy
rock,rock,IMG_6796,test,./test/skeleton_final_v2/rock/IMG_6796.npy,./data/droh_refined/rock/fitted/IMG_6796.npy
rock,rock,IMG_6821,test,./test/skeleton_final_v2/rock/IMG_6821.npy,./data/droh_refined/rock/fitted/IMG_6821.npy
rock,rock,IMG_6822,test,./test/skeleton_final_v2/rock/IMG_6822.npy,./data/droh_refined/rock/fitted/IMG_6822.npy
rock,rock,IMG_6824,test,./test/skeleton_final_v2/rock/IMG_6824.npy,./data/droh_refined/rock/fitted/IMG_6824.npy
rock,rock,IMG_6851,test,./test/skeleton_final_v2/rock/IMG_6851.npy,./data/droh_refined/rock/fitted/IMG_6851.npy
rock,rock,IMG_6853,test,./test/skeleton_final_v2/rock/IMG_6853.npy,./data/droh_refined/rock/fitted/IMG_6853.npy
rock,rock,IMG_6855,test,./test/skeleton_final_v2/rock/IMG_6855.npy,./data/droh_refined/rock/fitted/IMG_6855.npy
rock,rock,IMG_6900,test,./test/skeleton_final_v2/rock/IMG_6900.npy,./data/droh_refined/rock/fitted/IMG_6900.npy
rock,rock,IMG_6902,test,./test/skeleton_final_v2/rock/IMG_6902.npy,./data/droh_refined/rock/fitted/IMG_6902.npy
rock,rock,IMG_6904,test,./test/skeleton_final_v2/rock/IMG_6904.npy,./data/droh_refined/rock/fitted/IMG_6904.npy
rock,rock,IMG_6924,test,./test/skeleton_final_v2/rock/IMG_6924.npy,./data/droh_refined/rock/fitted/IMG_6924.npy
rock,rock,IMG_6925,test,./test/skeleton_final_v2/rock/IMG_6925.npy,./data/droh_refined/rock/fitted/IMG_6925.npy
rock,rock,IMG_6927,test,./test/skeleton_final_v2/rock/IMG_6927.npy,./data/droh_refined/rock/fitted/IMG_6927.npy
rock,rock,IMG_6954,test,./test/skeleton_final_v2/rock/IMG_6954.npy,./data/droh_refined/rock/fitted/IMG_6954.npy
rock,rock,IMG_6955,test,./test/skeleton_final_v2/rock/IMG_6955.npy,./data/droh_refined/rock/fitted/IMG_6955.npy
rock,rock,IMG_6984,test,./test/skeleton_final_v2/rock/IMG_6984.npy,./data/droh_refined/rock/fitted/IMG_6984.npy
rock,rock,IMG_6987,test,./test/skeleton_final_v2/rock/IMG_6987.npy,./data/droh_refined/rock/fitted/IMG_6987.npy
rock,rock,IMG_7019,test,./test/skeleton_final_v2/rock/IMG_7019.npy,./data/droh_refined/rock/fitted/IMG_7019.npy
rock,rock,IMG_7023,test,./test/skeleton_final_v2/rock/IMG_7023.npy,./data/droh_refined/rock/fitted/IMG_7023.npy
rock,rock,IMG_7054,test,./test/skeleton_final_v2/rock/IMG_7054.npy,./data/droh_refined/rock/fitted/IMG_7054.npy
rock,rock,IMG_7212,test,./test/skeleton_final_v2/rock/IMG_7212.npy,./data/droh_refined/rock/fitted/IMG_7212.npy
rock,rock,IMG_7213,test,./test/skeleton_final_v2/rock/IMG_7213.npy,./data/droh_refined/rock/fitted/IMG_7213.npy
rock,rock,IMG_7214,test,./test/skeleton_final_v2/rock/IMG_7214.npy,./data/droh_refined/rock/fitted/IMG_7214.npy
rock,rock,IMG_7244,test,./test/skeleton_final_v2/rock/IMG_7244.npy,./data/droh_refined/rock/fitted/IMG_7244.npy
rock,rock,IMG_7245,test,./test/skeleton_final_v2/rock/IMG_7245.npy,./data/droh_refined/rock/fitted/IMG_7245.npy
rock,rock,IMG_7279,test,./test/skeleton_final_v2/rock/IMG_7279.npy,./data/droh_refined/rock/fitted/IMG_7279.npy
rock,rock,IMG_7305,test,./test/skeleton_final_v2/rock/IMG_7305.npy,./data/droh_refined/rock/fitted/IMG_7305.npy
rock,rock,IMG_7307,test,./test/skeleton_final_v2/rock/IMG_7307.npy,./data/droh_refined/rock/fitted/IMG_7307.npy
rock,rock,IMG_7308,test,./test/skeleton_final_v2/rock/IMG_7308.npy,./data/droh_refined/rock/fitted/IMG_7308.npy
rock,rock,IMG_7309,test,./test/skeleton_final_v2/rock/IMG_7309.npy,./data/droh_refined/rock/fitted/IMG_7309.npy
rock,rock,IMG_7337,test,./test/skeleton_final_v2/rock/IMG_7337.npy,./data/droh_refined/rock/fitted/IMG_7337.npy
rock,rock,IMG_7338,test,./test/skeleton_final_v2/rock/IMG_7338.npy,./data/droh_refined/rock/fitted/IMG_7338.npy
rock,rock,IMG_7340,test,./test/skeleton_final_v2/rock/IMG_7340.npy,./data/droh_refined/rock/fitted/IMG_7340.npy
rock,rock,IMG_7370,test,./test/skeleton_final_v2/rock/IMG_7370.npy,./data/droh_refined/rock/fitted/IMG_7370.npy
rock,rock,IMG_7371,test,./test/skeleton_final_v2/rock/IMG_7371.npy,./data/droh_refined/rock/fitted/IMG_7371.npy
rock,rock,IMG_7373,test,./test/skeleton_final_v2/rock/IMG_7373.npy,./data/droh_refined/rock/fitted/IMG_7373.npy
rock,rock,IMG_7402,test,./test/skeleton_final_v2/rock/IMG_7402.npy,./data/droh_refined/rock/fitted/IMG_7402.npy
rock,rock,IMG_7404,test,./test/skeleton_final_v2/rock/IMG_7404.npy,./data/droh_refined/rock/fitted/IMG_7404.npy
rock,rock,IMG_7433,test,./test/skeleton_final_v2/rock/IMG_7433.npy,./data/droh_refined/rock/fitted/IMG_7433.npy
rock,rock,IMG_7436,test,./test/skeleton_final_v2/rock/IMG_7436.npy,./data/droh_refined/rock/fitted/IMG_7436.npy
rock,rock,IMG_7470,test,./test/skeleton_final_v2/rock/IMG_7470.npy,./data/droh_refined/rock/fitted/IMG_7470.npy
rock,rock,IMG_7502,test,./test/skeleton_final_v2/rock/IMG_7502.npy,./data/droh_refined/rock/fitted/IMG_7502.npy
rock,rock,IMG_7503,test,./test/skeleton_final_v2/rock/IMG_7503.npy,./data/droh_refined/rock/fitted/IMG_7503.npy
rock,rock,IMG_7506,test,./test/skeleton_final_v2/rock/IMG_7506.npy,./data/droh_refined/rock/fitted/IMG_7506.npy
rock,rock,IMG_7539,test,./test/skeleton_final_v2/rock/IMG_7539.npy,./data/droh_refined/rock/fitted/IMG_7539.npy
rock,rock,IMG_7568,test,./test/skeleton_final_v2/rock/IMG_7568.npy,./data/droh_refined/rock/fitted/IMG_7568.npy
rock,rock,IMG_7571,test,./test/skeleton_final_v2/rock/IMG_7571.npy,./data/droh_refined/rock/fitted/IMG_7571.npy
rock,rock,IMG_7603,test,./test/skeleton_final_v2/rock/IMG_7603.npy,./data/droh_refined/rock/fitted/IMG_7603.npy
rock,rock,IMG_7635,test,./test/skeleton_final_v2/rock/IMG_7635.npy,./data/droh_refined/rock/fitted/IMG_7635.npy
rock,rock,IMG_7636,test,./test/skeleton_final_v2/rock/IMG_7636.npy,./data/droh_refined/rock/fitted/IMG_7636.npy
rock,rock,IMG_7637,test,./test/skeleton_final_v2/rock/IMG_7637.npy,./data/droh_refined/rock/fitted/IMG_7637.npy
rock,rock,IMG_7638,test,./test/skeleton_final_v2/rock/IMG_7638.npy,./data/droh_refined/rock/fitted/IMG_7638.npy
rock,rock,IMG_7639,test,./test/skeleton_final_v2/rock/IMG_7639.npy,./data/droh_refined/rock/fitted/IMG_7639.npy
rock,rock,IMG_7680,test,./test/skeleton_final_v2/rock/IMG_7680.npy,./data/droh_refined/rock/fitted/IMG_7680.npy
rock,rock,IMG_7716,test,./test/skeleton_final_v2/rock/IMG_7716.npy,./data/droh_refined/rock/fitted/IMG_7716.npy
rock,rock,IMG_7741,test,./test/skeleton_final_v2/rock/IMG_7741.npy,./data/droh_refined/rock/fitted/IMG_7741.npy
rock,rock,IMG_7742,test,./test/skeleton_final_v2/rock/IMG_7742.npy,./data/droh_refined/rock/fitted/IMG_7742.npy
rock,rock,IMG_7744,test,./test/skeleton_final_v2/rock/IMG_7744.npy,./data/droh_refined/rock/fitted/IMG_7744.npy
rock,rock,IMG_7772,test,./test/skeleton_final_v2/rock/IMG_7772.npy,./data/droh_refined/rock/fitted/IMG_7772.npy
rock,rock,IMG_7838,test,./test/skeleton_final_v2/rock/IMG_7838.npy,./data/droh_refined/rock/fitted/IMG_7838.npy
rock,rock,IMG_7873,test,./test/skeleton_final_v2/rock/IMG_7873.npy,./data/droh_refined/rock/fitted/IMG_7873.npy
rock,rock,IMG_7875,test,./test/skeleton_final_v2/rock/IMG_7875.npy,./data/droh_refined/rock/fitted/IMG_7875.npy
rock,rock,IMG_7876,test,./test/skeleton_final_v2/rock/IMG_7876.npy,./data/droh_refined/rock/fitted/IMG_7876.npy
rock,rock,IMG_7907,test,./test/skeleton_final_v2/rock/IMG_7907.npy,./data/droh_refined/rock/fitted/IMG_7907.npy
rock,rock,IMG_7937,test,./test/skeleton_final_v2/rock/IMG_7937.npy,./data/droh_refined/rock/fitted/IMG_7937.npy
rock,rock,IMG_7939,test,./test/skeleton_final_v2/rock/IMG_7939.npy,./data/droh_refined/rock/fitted/IMG_7939.npy
rock,rock,IMG_7970,test,./test/skeleton_final_v2/rock/IMG_7970.npy,./data/droh_refined/rock/fitted/IMG_7970.npy
rock,rock,IMG_7971,test,./test/skeleton_final_v2/rock/IMG_7971.npy,./data/droh_refined/rock/fitted/IMG_7971.npy
rock,rock,IMG_8002,test,./test/skeleton_final_v2/rock/IMG_8002.npy,./data/droh_refined/rock/fitted/IMG_8002.npy
rock,rock,IMG_8032,test,./test/skeleton_final_v2/rock/IMG_8032.npy,./data/droh_refined/rock/fitted/IMG_8032.npy
rock,rock,IMG_8065,test,./test/skeleton_final_v2/rock/IMG_8065.npy,./data/droh_refined/rock/fitted/IMG_8065.npy
rock,rock,IMG_8066,test,./test/skeleton_final_v2/rock/IMG_8066.npy,./data/droh_refined/rock/fitted/IMG_8066.npy
rock,rock,IMG_8068,test,./test/skeleton_final_v2/rock/IMG_8068.npy,./data/droh_refined/rock/fitted/IMG_8068.npy
rock,rock,IMG_8100,test,./test/skeleton_final_v2/rock/IMG_8100.npy,./data/droh_refined/rock/fitted/IMG_8100.npy
scissors,scissors,IMG_6281,test,./test/skeleton_final_v2/scissors/IMG_6281.npy,./data/droh_refined/scissors/fitted/IMG_6281.npy
scissors,scissors,IMG_6283,test,./test/skeleton_final_v2/scissors/IMG_6283.npy,./data/droh_refined/scissors/fitted/IMG_6283.npy
scissors,scissors,IMG_6284,test,./test/skeleton_final_v2/scissors/IMG_6284.npy,./data/droh_refined/scissors/fitted/IMG_6284.npy
scissors,scissors,IMG_6285,test,./test/skeleton_final_v2/scissors/IMG_6285.npy,./data/droh_refined/scissors/fitted/IMG_6285.npy
scissors,scissors,IMG_6286,test,./test/skeleton_final_v2/scissors/IMG_6286.npy,./data/droh_refined/scissors/fitted/IMG_6286.npy
scissors,scissors,IMG_6311,test,./test/skeleton_final_v2/scissors/IMG_6311.npy,./data/droh_refined/scissors/fitted/IMG_6311.npy
scissors,scissors,IMG_6316,test,./test/skeleton_final_v2/scissors/IMG_6316.npy,./data/droh_refined/scissors/fitted/IMG_6316.npy
scissors,scissors,IMG_6351,test,./test/skeleton_final_v2/scissors/IMG_6351.npy,./data/droh_refined/scissors/fitted/IMG_6351.npy
scissors,scissors,IMG_6352,test,./test/skeleton_final_v2/scissors/IMG_6352.npy,./data/droh_refined/scissors/fitted/IMG_6352.npy
scissors,scissors,IMG_6386,test,./test/skeleton_final_v2/scissors/IMG_6386.npy,./data/droh_refined/scissors/fitted/IMG_6386.npy
scissors,scissors,IMG_6387,test,./test/skeleton_final_v2/scissors/IMG_6387.npy,./data/droh_refined/scissors/fitted/IMG_6387.npy
scissors,scissors,IMG_6389,test,./test/skeleton_final_v2/scissors/IMG_6389.npy,./data/droh_refined/scissors/fitted/IMG_6389.npy
scissors,scissors,IMG_6390,test,./test/skeleton_final_v2/scissors/IMG_6390.npy,./data/droh_refined/scissors/fitted/IMG_6390.npy
scissors,scissors,IMG_6423,test,./test/skeleton_final_v2/scissors/IMG_6423.npy,./data/droh_refined/scissors/fitted/IMG_6423.npy
scissors,scissors,IMG_6424,test,./test/skeleton_final_v2/scissors/IMG_6424.npy,./data/droh_refined/scissors/fitted/IMG_6424.npy
scissors,scissors,IMG_6425,test,./test/skeleton_final_v2/scissors/IMG_6425.npy,./data/droh_refined/scissors/fitted/IMG_6425.npy
scissors,scissors,IMG_6461,test,./test/skeleton_final_v2/scissors/IMG_6461.npy,./data/droh_refined/scissors/fitted/IMG_6461.npy
scissors,scissors,IMG_6463,test,./test/skeleton_final_v2/scissors/IMG_6463.npy,./data/droh_refined/scissors/fitted/IMG_6463.npy
scissors,scissors,IMG_6494,test,./test/skeleton_final_v2/scissors/IMG_6494.npy,./data/droh_refined/scissors/fitted/IMG_6494.npy
scissors,scissors,IMG_6495,test,./test/skeleton_final_v2/scissors/IMG_6495.npy,./data/droh_refined/scissors/fitted/IMG_6495.npy
scissors,scissors,IMG_6534,test,./test/skeleton_final_v2/scissors/IMG_6534.npy,./data/droh_refined/scissors/fitted/IMG_6534.npy
scissors,scissors,IMG_6538,test,./test/skeleton_final_v2/scissors/IMG_6538.npy,./data/droh_refined/scissors/fitted/IMG_6538.npy
scissors,scissors,IMG_6577,test,./test/skeleton_final_v2/scissors/IMG_6577.npy,./data/droh_refined/scissors/fitted/IMG_6577.npy
scissors,scissors,IMG_6614,test,./test/skeleton_final_v2/scissors/IMG_6614.npy,./data/droh_refined/scissors/fitted/IMG_6614.npy
scissors,scissors,IMG_6616,test,./test/skeleton_final_v2/scissors/IMG_6616.npy,./data/droh_refined/scissors/fitted/IMG_6616.npy
scissors,scissors,IMG_6650,test,./test/skeleton_final_v2/scissors/IMG_6650.npy,./data/droh_refined/scissors/fitted/IMG_6650.npy
scissors,scissors,IMG_6729,test,./test/skeleton_final_v2/scissors/IMG_6729.npy,./data/droh_refined/scissors/fitted/IMG_6729.npy
scissors,scissors,IMG_6730,test,./test/skeleton_final_v2/scissors/IMG_6730.npy,./data/droh_refined/scissors/fitted/IMG_6730.npy
scissors,scissors,IMG_6757,test,./test/skeleton_final_v2/scissors/IMG_6757.npy,./data/droh_refined/scissors/fitted/IMG_6757.npy
scissors,scissors,IMG_6827,test,./test/skeleton_final_v2/scissors/IMG_6827.npy,./data/droh_refined/scissors/fitted/IMG_6827.npy
scissors,scissors,IMG_6828,test,./test/skeleton_final_v2/scissors/IMG_6828.npy,./data/droh_refined/scissors/fitted/IMG_6828.npy
scissors,scissors,IMG_6858,test,./test/skeleton_final_v2/scissors/IMG_6858.npy,./data/droh_refined/scissors/fitted/IMG_6858.npy
scissors,scissors,IMG_6859,test,./test/skeleton_final_v2/scissors/IMG_6859.npy,./data/droh_refined/scissors/fitted/IMG_6859.npy
scissors,scissors,IMG_6905,test,./test/skeleton_final_v2/scissors/IMG_6905.npy,./data/droh_refined/scissors/fitted/IMG_6905.npy
scissors,scissors,IMG_6907,test,./test/skeleton_final_v2/scissors/IMG_6907.npy,./data/droh_refined/scissors/fitted/IMG_6907.npy
scissors,scissors,IMG_6908,test,./test/skeleton_final_v2/scissors/IMG_6908.npy,./data/droh_refined/scissors/fitted/IMG_6908.npy
scissors,scissors,IMG_6928,test,./test/skeleton_final_v2/scissors/IMG_6928.npy,./data/droh_refined/scissors/fitted/IMG_6928.npy
scissors,scissors,IMG_6929,test,./test/skeleton_final_v2/scissors/IMG_6929.npy,./data/droh_refined/scissors/fitted/IMG_6929.npy
scissors,scissors,IMG_6930,test,./test/skeleton_final_v2/scissors/IMG_6930.npy,./data/droh_refined/scissors/fitted/IMG_6930.npy
scissors,scissors,IMG_6931,test,./test/skeleton_final_v2/scissors/IMG_6931.npy,./data/droh_refined/scissors/fitted/IMG_6931.npy
scissors,scissors,IMG_6959,test,./test/skeleton_final_v2/scissors/IMG_6959.npy,./data/droh_refined/scissors/fitted/IMG_6959.npy
scissors,scissors,IMG_6962,test,./test/skeleton_final_v2/scissors/IMG_6962.npy,./data/droh_refined/scissors/fitted/IMG_6962.npy
scissors,scissors,IMG_6990,test,./test/skeleton_final_v2/scissors/IMG_6990.npy,./data/droh_refined/scissors/fitted/IMG_6990.npy
scissors,scissors,IMG_6992,test,./test/skeleton_final_v2/scissors/IMG_6992.npy,./data/droh_refined/scissors/fitted/IMG_6992.npy
scissors,scissors,IMG_7060,test,./test/skeleton_final_v2/scissors/IMG_7060.npy,./data/droh_refined/scissors/fitted/IMG_7060.npy
scissors,scissors,IMG_7061,test,./test/skeleton_final_v2/scissors/IMG_7061.npy,./data/droh_refined/scissors/fitted/IMG_7061.npy
scissors,scissors,IMG_7063,test,./test/skeleton_final_v2/scissors/IMG_7063.npy,./data/droh_refined/scissors/fitted/IMG_7063.npy
scissors,scissors,IMG_7218,test,./test/skeleton_final_v2/scissors/IMG_7218.npy,./data/droh_refined/scissors/fitted/IMG_7218.npy
scissors,scissors,IMG_7219,test,./test/skeleton_final_v2/scissors/IMG_7219.npy,./data/droh_refined/scissors/fitted/IMG_7219.npy
scissors,scissors,IMG_7220,test,./test/skeleton_final_v2/scissors/IMG_7220.npy,./data/droh_refined/scissors/fitted/IMG_7220.npy
scissors,scissors,IMG_7248,test,./test/skeleton_final_v2/scissors/IMG_7248.npy,./data/droh_refined/scissors/fitted/IMG_7248.npy
scissors,scissors,IMG_7281,test,./test/skeleton_final_v2/scissors/IMG_7281.npy,./data/droh_refined/scissors/fitted/IMG_7281.npy
scissors,scissors,IMG_7283,test,./test/skeleton_final_v2/scissors/IMG_7283.npy,./data/droh_refined/scissors/fitted/IMG_7283.npy
scissors,scissors,IMG_7310,test,./test/skeleton_final_v2/scissors/IMG_7310.npy,./data/droh_refined/scissors/fitted/IMG_7310.npy
scissors,scissors,IMG_7341,test,./test/skeleton_final_v2/scissors/IMG_7341.npy,./data/droh_refined/scissors/fitted/IMG_7341.npy
scissors,scissors,IMG_7342,test,./test/skeleton_final_v2/scissors/IMG_7342.npy,./data/droh_refined/scissors/fitted/IMG_7342.npy
scissors,scissors,IMG_7344,test,./test/skeleton_final_v2/scissors/IMG_7344.npy,./data/droh_refined/scissors/fitted/IMG_7344.npy
scissors,scissors,IMG_7374,test,./test/skeleton_final_v2/scissors/IMG_7374.npy,./data/droh_refined/scissors/fitted/IMG_7374.npy
scissors,scissors,IMG_7376,test,./test/skeleton_final_v2/scissors/IMG_7376.npy,./data/droh_refined/scissors/fitted/IMG_7376.npy
scissors,scissors,IMG_7378,test,./test/skeleton_final_v2/scissors/IMG_7378.npy,./data/droh_refined/scissors/fitted/IMG_7378.npy
scissors,scissors,IMG_7406,test,./test/skeleton_final_v2/scissors/IMG_7406.npy,./data/droh_refined/scissors/fitted/IMG_7406.npy
scissors,scissors,IMG_7407,test,./test/skeleton_final_v2/scissors/IMG_7407.npy,./data/droh_refined/scissors/fitted/IMG_7407.npy
scissors,scissors,IMG_7408,test,./test/skeleton_final_v2/scissors/IMG_7408.npy,./data/droh_refined/scissors/fitted/IMG_7408.npy
scissors,scissors,IMG_7410,test,./test/skeleton_final_v2/scissors/IMG_7410.npy,./data/droh_refined/scissors/fitted/IMG_7410.npy
scissors,scissors,IMG_7438,test,./test/skeleton_final_v2/scissors/IMG_7438.npy,./data/droh_refined/scissors/fitted/IMG_7438.npy
scissors,scissors,IMG_7441,test,./test/skeleton_final_v2/scissors/IMG_7441.npy,./data/droh_refined/scissors/fitted/IMG_7441.npy
scissors,scissors,IMG_7472,test,./test/skeleton_final_v2/scissors/IMG_7472.npy,./data/droh_refined/scissors/fitted/IMG_7472.npy
scissors,scissors,IMG_7474,test,./test/skeleton_final_v2/scissors/IMG_7474.npy,./data/droh_refined/scissors/fitted/IMG_7474.npy
scissors,scissors,IMG_7509,test,./test/skeleton_final_v2/scissors/IMG_7509.npy,./data/droh_refined/scissors/fitted/IMG_7509.npy
scissors,scissors,IMG_7541,test,./test/skeleton_final_v2/scissors/IMG_7541.npy,./data/droh_refined/scissors/fitted/IMG_7541.npy
scissors,scissors,IMG_7543,test,./test/skeleton_final_v2/scissors/IMG_7543.npy,./data/droh_refined/scissors/fitted/IMG_7543.npy
scissors,scissors,IMG_7575,test,./test/skeleton_final_v2/scissors/IMG_7575.npy,./data/droh_refined/scissors/fitted/IMG_7575.npy
scissors,scissors,IMG_7608,test,./test/skeleton_final_v2/scissors/IMG_7608.npy,./data/droh_refined/scissors/fitted/IMG_7608.npy
scissors,scissors,IMG_7642,test,./test/skeleton_final_v2/scissors/IMG_7642.npy,./data/droh_refined/scissors/fitted/IMG_7642.npy
scissors,scissors,IMG_7643,test,./test/skeleton_final_v2/scissors/IMG_7643.npy,./data/droh_refined/scissors/fitted/IMG_7643.npy
scissors,scissors,IMG_7645,test,./test/skeleton_final_v2/scissors/IMG_7645.npy,./data/droh_refined/scissors/fitted/IMG_7645.npy
scissors,scissors,IMG_7648,test,./test/skeleton_final_v2/scissors/IMG_7648.npy,./data/droh_refined/scissors/fitted/IMG_7648.npy
scissors,scissors,IMG_7682,test,./test/skeleton_final_v2/scissors/IMG_7682.npy,./data/droh_refined/scissors/fitted/IMG_7682.npy
scissors,scissors,IMG_7683,test,./test/skeleton_final_v2/scissors/IMG_7683.npy,./data/droh_refined/scissors/fitted/IMG_7683.npy
scissors,scissors,IMG_7684,test,./test/skeleton_final_v2/scissors/IMG_7684.npy,./data/droh_refined/scissors/fitted/IMG_7684.npy
scissors,scissors,IMG_7708,test,./test/skeleton_final_v2/scissors/IMG_7708.npy,./data/droh_refined/scissors/fitted/IMG_7708.npy
scissors,scissors,IMG_7710,test,./test/skeleton_final_v2/scissors/IMG_7710.npy,./data/droh_refined/scissors/fitted/IMG_7710.npy
scissors,scissors,IMG_7711,test,./test/skeleton_final_v2/scissors/IMG_7711.npy,./data/droh_refined/scissors/fitted/IMG_7711.npy
scissors,scissors,IMG_7745,test,./test/skeleton_final_v2/scissors/IMG_7745.npy,./data/droh_refined/scissors/fitted/IMG_7745.npy
scissors,scissors,IMG_7747,test,./test/skeleton_final_v2/scissors/IMG_7747.npy,./data/droh_refined/scissors/fitted/IMG_7747.npy
scissors,scissors,IMG_7748,test,./test/skeleton_final_v2/scissors/IMG_7748.npy,./data/droh_refined/scissors/fitted/IMG_7748.npy
scissors,scissors,IMG_7776,test,./test/skeleton_final_v2/scissors/IMG_7776.npy,./data/droh_refined/scissors/fitted/IMG_7776.npy
scissors,scissors,IMG_7843,test,./test/skeleton_final_v2/scissors/IMG_7843.npy,./data/droh_refined/scissors/fitted/IMG_7843.npy
scissors,scissors,IMG_7846,test,./test/skeleton_final_v2/scissors/IMG_7846.npy,./data/droh_refined/scissors/fitted/IMG_7846.npy
scissors,scissors,IMG_7847,test,./test/skeleton_final_v2/scissors/IMG_7847.npy,./data/droh_refined/scissors/fitted/IMG_7847.npy
scissors,scissors,IMG_7878,test,./test/skeleton_final_v2/scissors/IMG_7878.npy,./data/droh_refined/scissors/fitted/IMG_7878.npy
scissors,scissors,IMG_7880,test,./test/skeleton_final_v2/scissors/IMG_7880.npy,./data/droh_refined/scissors/fitted/IMG_7880.npy
scissors,scissors,IMG_7910,test,./test/skeleton_final_v2/scissors/IMG_7910.npy,./data/droh_refined/scissors/fitted/IMG_7910.npy
scissors,scissors,IMG_7911,test,./test/skeleton_final_v2/scissors/IMG_7911.npy,./data/droh_refined/scissors/fitted/IMG_7911.npy
scissors,scissors,IMG_7912,test,./test/skeleton_final_v2/scissors/IMG_7912.npy,./data/droh_refined/scissors/fitted/IMG_7912.npy
scissors,scissors,IMG_7913,test,./test/skeleton_final_v2/scissors/IMG_7913.npy,./data/droh_refined/scissors/fitted/IMG_7913.npy
scissors,scissors,IMG_7940,test,./test/skeleton_final_v2/scissors/IMG_7940.npy,./data/droh_refined/scissors/fitted/IMG_7940.npy
scissors,scissors,IMG_7941,test,./test/skeleton_final_v2/scissors/IMG_7941.npy,./data/droh_refined/scissors/fitted/IMG_7941.npy
scissors,scissors,IMG_7942,test,./test/skeleton_final_v2/scissors/IMG_7942.npy,./data/droh_refined/scissors/fitted/IMG_7942.npy
scissors,scissors,IMG_7972,test,./test/skeleton_final_v2/scissors/IMG_7972.npy,./data/droh_refined/scissors/fitted/IMG_7972.npy
scissors,scissors,IMG_8007,test,./test/skeleton_final_v2/scissors/IMG_8007.npy,./data/droh_refined/scissors/fitted/IMG_8007.npy
scissors,scissors,IMG_8008,test,./test/skeleton_final_v2/scissors/IMG_8008.npy,./data/droh_refined/scissors/fitted/IMG_8008.npy
scissors,scissors,IMG_8038,test,./test/skeleton_final_v2/scissors/IMG_8038.npy,./data/droh_refined/scissors/fitted/IMG_8038.npy
scissors,scissors,IMG_8039,test,./test/skeleton_final_v2/scissors/IMG_8039.npy,./data/droh_refined/scissors/fitted/IMG_8039.npy
scissors,scissors,IMG_8070,test,./test/skeleton_final_v2/scissors/IMG_8070.npy,./data/droh_refined/scissors/fitted/IMG_8070.npy
scissors,scissors,IMG_8101,test,./test/skeleton_final_v2/scissors/IMG_8101.npy,./data/droh_refined/scissors/fitted/IMG_8101.npy
scissors,scissors,IMG_8104,test,./test/skeleton_final_v2/scissors/IMG_8104.npy,./data/droh_refined/scissors/fitted/IMG_8104.npy
scissors,scissors,IMG_8132,test,./test/skeleton_final_v2/scissors/IMG_8132.npy,./data/droh_refined/scissors/fitted/IMG_8132.npy
scissors,scissors,IMG_8135,test,./test/skeleton_final_v2/scissors/IMG_8135.npy,./data/droh_refined/scissors/fitted/IMG_8135.npy
scissors,scissors,IMG_8169,test,./test/skeleton_final_v2/scissors/IMG_8169.npy,./data/droh_refined/scissors/fitted/IMG_8169.npy
scissors,scissors,IMG_8170,test,./test/skeleton_final_v2/scissors/IMG_8170.npy,./data/droh_refined/scissors/fitted/IMG_8170.npy
scissors,scissors,IMG_8171,test,./test/skeleton_final_v2/scissors/IMG_8171.npy,./data/droh_refined/scissors/fitted/IMG_8171.npy
the-finger,the-finger,IMG_6304,test,./test/skeleton_final_v2/the-finger/IMG_6304.npy,./data/droh_refined/the-finger/fitted/IMG_6304.npy
the-finger,the-finger,IMG_6308,test,./test/skeleton_final_v2/the-finger/IMG_6308.npy,./data/droh_refined/the-finger/fitted/IMG_6308.npy
the-finger,the-finger,IMG_6309,test,./test/skeleton_final_v2/the-finger/IMG_6309.npy,./data/droh_refined/the-finger/fitted/IMG_6309.npy
the-finger,the-finger,IMG_6341,test,./test/skeleton_final_v2/the-finger/IMG_6341.npy,./data/droh_refined/the-finger/fitted/IMG_6341.npy
the-finger,the-finger,IMG_6343,test,./test/skeleton_final_v2/the-finger/IMG_6343.npy,./data/droh_refined/the-finger/fitted/IMG_6343.npy
the-finger,the-finger,IMG_6344,test,./test/skeleton_final_v2/the-finger/IMG_6344.npy,./data/droh_refined/the-finger/fitted/IMG_6344.npy
the-finger,the-finger,IMG_6379,test,./test/skeleton_final_v2/the-finger/IMG_6379.npy,./data/droh_refined/the-finger/fitted/IMG_6379.npy
the-finger,the-finger,IMG_6411,test,./test/skeleton_final_v2/the-finger/IMG_6411.npy,./data/droh_refined/the-finger/fitted/IMG_6411.npy
the-finger,the-finger,IMG_6412,test,./test/skeleton_final_v2/the-finger/IMG_6412.npy,./data/droh_refined/the-finger/fitted/IMG_6412.npy
the-finger,the-finger,IMG_6413,test,./test/skeleton_final_v2/the-finger/IMG_6413.npy,./data/droh_refined/the-finger/fitted/IMG_6413.npy
the-finger,the-finger,IMG_6414,test,./test/skeleton_final_v2/the-finger/IMG_6414.npy,./data/droh_refined/the-finger/fitted/IMG_6414.npy
the-finger,the-finger,IMG_6416,test,./test/skeleton_final_v2/the-finger/IMG_6416.npy,./data/droh_refined/the-finger/fitted/IMG_6416.npy
the-finger,the-finger,IMG_6451,test,./test/skeleton_final_v2/the-finger/IMG_6451.npy,./data/droh_refined/the-finger/fitted/IMG_6451.npy
the-finger,the-finger,IMG_6486,test,./test/skeleton_final_v2/the-finger/IMG_6486.npy,./data/droh_refined/the-finger/fitted/IMG_6486.npy
the-finger,the-finger,IMG_6491,test,./test/skeleton_final_v2/the-finger/IMG_6491.npy,./data/droh_refined/the-finger/fitted/IMG_6491.npy
the-finger,the-finger,IMG_6528,test,./test/skeleton_final_v2/the-finger/IMG_6528.npy,./data/droh_refined/the-finger/fitted/IMG_6528.npy
the-finger,the-finger,IMG_6529,test,./test/skeleton_final_v2/the-finger/IMG_6529.npy,./data/droh_refined/the-finger/fitted/IMG_6529.npy
the-finger,the-finger,IMG_6530,test,./test/skeleton_final_v2/the-finger/IMG_6530.npy,./data/droh_refined/the-finger/fitted/IMG_6530.npy
the-finger,the-finger,IMG_6531,test,./test/skeleton_final_v2/the-finger/IMG_6531.npy,./data/droh_refined/the-finger/fitted/IMG_6531.npy
the-finger,the-finger,IMG_6566,test,./test/skeleton_final_v2/the-finger/IMG_6566.npy,./data/droh_refined/the-finger/fitted/IMG_6566.npy
the-finger,the-finger,IMG_6567,test,./test/skeleton_final_v2/the-finger/IMG_6567.npy,./data/droh_refined/the-finger/fitted/IMG_6567.npy
the-finger,the-finger,IMG_6568,test,./test/skeleton_final_v2/the-finger/IMG_6568.npy,./data/droh_refined/the-finger/fitted/IMG_6568.npy
the-finger,the-finger,IMG_6638,test,./test/skeleton_final_v2/the-finger/IMG_6638.npy,./data/droh_refined/the-finger/fitted/IMG_6638.npy
the-finger,the-finger,IMG_6640,test,./test/skeleton_final_v2/the-finger/IMG_6640.npy,./data/droh_refined/the-finger/fitted/IMG_6640.npy
the-finger,the-finger,IMG_6677,test,./test/skeleton_final_v2/the-finger/IMG_6677.npy,./data/droh_refined/the-finger/fitted/IMG_6677.npy
the-finger,the-finger,IMG_6678,test,./test/skeleton_final_v2/the-finger/IMG_6678.npy,./data/droh_refined/the-finger/fitted/IMG_6678.npy
the-finger,the-finger,IMG_6715,test,./test/skeleton_final_v2/the-finger/IMG_6715.npy,./data/droh_refined/the-finger/fitted/IMG_6715.npy
the-finger,the-finger,IMG_6718,test,./test/skeleton_final_v2/the-finger/IMG_6718.npy,./data/droh_refined/the-finger/fitted/IMG_6718.npy
the-finger,the-finger,IMG_6719,test,./test/skeleton_final_v2/the-finger/IMG_6719.npy,./data/droh_refined/the-finger/fitted/IMG_6719.npy
the-finger,the-finger,IMG_6752,test,./test/skeleton_final_v2/the-finger/IMG_6752.npy,./data/droh_refined/the-finger/fitted/IMG_6752.npy
the-finger,the-finger,IMG_6754,test,./test/skeleton_final_v2/the-finger/IMG_6754.npy,./data/droh_refined/the-finger/fitted/IMG_6754.npy
the-finger,the-finger,IMG_6787,test,./test/skeleton_final_v2/the-finger/IMG_6787.npy,./data/droh_refined/the-finger/fitted/IMG_6787.npy
the-finger,the-finger,IMG_6817,test,./test/skeleton_final_v2/the-finger/IMG_6817.npy,./data/droh_refined/the-finger/fitted/IMG_6817.npy
the-finger,the-finger,IMG_6819,test,./test/skeleton_final_v2/the-finger/IMG_6819.npy,./data/droh_refined/the-finger/fitted/IMG_6819.npy
the-finger,the-finger,IMG_6820,test,./test/skeleton_final_v2/the-finger/IMG_6820.npy,./data/droh_refined/the-finger/fitted/IMG_6820.npy
the-finger,the-finger,IMG_6847,test,./test/skeleton_final_v2/the-finger/IMG_6847.npy,./data/droh_refined/the-finger/fitted/IMG_6847.npy
the-finger,the-finger,IMG_6850,test,./test/skeleton_final_v2/the-finger/IMG_6850.npy,./data/droh_refined/the-finger/fitted/IMG_6850.npy
the-finger,the-finger,IMG_6884,test,./test/skeleton_final_v2/the-finger/IMG_6884.npy,./data/droh_refined/the-finger/fitted/IMG_6884.npy
the-finger,the-finger,IMG_6885,test,./test/skeleton_final_v2/the-finger/IMG_6885.npy,./data/droh_refined/the-finger/fitted/IMG_6885.npy
the-finger,the-finger,IMG_6919,test,./test/skeleton_final_v2/the-finger/IMG_6919.npy,./data/droh_refined/the-finger/fitted/IMG_6919.npy
the-finger,the-finger,IMG_6920,test,./test/skeleton_final_v2/the-finger/IMG_6920.npy,./data/droh_refined/the-finger/fitted/IMG_6920.npy
the-finger,the-finger,IMG_6922,test,./test/skeleton_final_v2/the-finger/IMG_6922.npy,./data/droh_refined/the-finger/fitted/IMG_6922.npy
the-finger,the-finger,IMG_6949,test,./test/skeleton_final_v2/the-finger/IMG_6949.npy,./data/droh_refined/the-finger/fitted/IMG_6949.npy
the-finger,the-finger,IMG_6979,test,./test/skeleton_final_v2/the-finger/IMG_6979.npy,./data/droh_refined/the-finger/fitted/IMG_6979.npy
the-finger,the-finger,IMG_6980,test,./test/skeleton_final_v2/the-finger/IMG_6980.npy,./data/droh_refined/the-finger/fitted/IMG_6980.npy
the-finger,the-finger,IMG_7050,test,./test/skeleton_final_v2/the-finger/IMG_7050.npy,./data/droh_refined/the-finger/fitted/IMG_7050.npy
the-finger,the-finger,IMG_7051,test,./test/skeleton_final_v2/the-finger/IMG_7051.npy,./data/droh_refined/the-finger/fitted/IMG_7051.npy
the-finger,the-finger,IMG_7052,test,./test/skeleton_final_v2/the-finger/IMG_7052.npy,./data/droh_refined/the-finger/fitted/IMG_7052.npy
the-finger,the-finger,IMG_7053,test,./test/skeleton_final_v2/the-finger/IMG_7053.npy,./data/droh_refined/the-finger/fitted/IMG_7053.npy
the-finger,the-finger,IMG_7083,test,./test/skeleton_final_v2/the-finger/IMG_7083.npy,./data/droh_refined/the-finger/fitted/IMG_7083.npy
the-finger,the-finger,IMG_7084,test,./test/skeleton_final_v2/the-finger/IMG_7084.npy,./data/droh_refined/the-finger/fitted/IMG_7084.npy
the-finger,the-finger,IMG_7273,test,./test/skeleton_final_v2/the-finger/IMG_7273.npy,./data/droh_refined/the-finger/fitted/IMG_7273.npy
the-finger,the-finger,IMG_7300,test,./test/skeleton_final_v2/the-finger/IMG_7300.npy,./data/droh_refined/the-finger/fitted/IMG_7300.npy
the-finger,the-finger,IMG_7334,test,./test/skeleton_final_v2/the-finger/IMG_7334.npy,./data/droh_refined/the-finger/fitted/IMG_7334.npy
the-finger,the-finger,IMG_7335,test,./test/skeleton_final_v2/the-finger/IMG_7335.npy,./data/droh_refined/the-finger/fitted/IMG_7335.npy
the-finger,the-finger,IMG_7365,test,./test/skeleton_final_v2/the-finger/IMG_7365.npy,./data/droh_refined/the-finger/fitted/IMG_7365.npy
the-finger,the-finger,IMG_7366,test,./test/skeleton_final_v2/the-finger/IMG_7366.npy,./data/droh_refined/the-finger/fitted/IMG_7366.npy
the-finger,the-finger,IMG_7397,test,./test/skeleton_final_v2/the-finger/IMG_7397.npy,./data/droh_refined/the-finger/fitted/IMG_7397.npy
the-finger,the-finger,IMG_7401,test,./test/skeleton_final_v2/the-finger/IMG_7401.npy,./data/droh_refined/the-finger/fitted/IMG_7401.npy
the-finger,the-finger,IMG_7429,test,./test/skeleton_final_v2/the-finger/IMG_7429.npy,./data/droh_refined/the-finger/fitted/IMG_7429.npy
the-finger,the-finger,IMG_7430,test,./test/skeleton_final_v2/the-finger/IMG_7430.npy,./data/droh_refined/the-finger/fitted/IMG_7430.npy
the-finger,the-finger,IMG_7461,test,./test/skeleton_final_v2/the-finger/IMG_7461.npy,./data/droh_refined/the-finger/fitted/IMG_7461.npy
the-finger,the-finger,IMG_7462,test,./test/skeleton_final_v2/the-finger/IMG_7462.npy,./data/droh_refined/the-finger/fitted/IMG_7462.npy
the-finger,the-finger,IMG_7465,test,./test/skeleton_final_v2/the-finger/IMG_7465.npy,./data/droh_refined/the-finger/fitted/IMG_7465.npy
the-finger,the-finger,IMG_7498,test,./test/skeleton_final_v2/the-finger/IMG_7498.npy,./data/droh_refined/the-finger/fitted/IMG_7498.npy
the-finger,the-finger,IMG_7530,test,./test/skeleton_final_v2/the-finger/IMG_7530.npy,./data/droh_refined/the-finger/fitted/IMG_7530.npy
the-finger,the-finger,IMG_7563,test,./test/skeleton_final_v2/the-finger/IMG_7563.npy,./data/droh_refined/the-finger/fitted/IMG_7563.npy
the-finger,the-finger,IMG_7564,test,./test/skeleton_final_v2/the-finger/IMG_7564.npy,./data/droh_refined/the-finger/fitted/IMG_7564.npy
the-finger,the-finger,IMG_7565,test,./test/skeleton_final_v2/the-finger/IMG_7565.npy,./data/droh_refined/the-finger/fitted/IMG_7565.npy
the-finger,the-finger,IMG_7594,test,./test/skeleton_final_v2/the-finger/IMG_7594.npy,./data/droh_refined/the-finger/fitted/IMG_7594.npy
the-finger,the-finger,IMG_7629,test,./test/skeleton_final_v2/the-finger/IMG_7629.npy,./data/droh_refined/the-finger/fitted/IMG_7629.npy
the-finger,the-finger,IMG_7634,test,./test/skeleton_final_v2/the-finger/IMG_7634.npy,./data/droh_refined/the-finger/fitted/IMG_7634.npy
the-finger,the-finger,IMG_7672,test,./test/skeleton_final_v2/the-finger/IMG_7672.npy,./data/droh_refined/the-finger/fitted/IMG_7672.npy
the-finger,the-finger,IMG_7703,test,./test/skeleton_final_v2/the-finger/IMG_7703.npy,./data/droh_refined/the-finger/fitted/IMG_7703.npy
the-finger,the-finger,IMG_7704,test,./test/skeleton_final_v2/the-finger/IMG_7704.npy,./data/droh_refined/the-finger/fitted/IMG_7704.npy
the-finger,the-finger,IMG_7705,test,./test/skeleton_final_v2/the-finger/IMG_7705.npy,./data/droh_refined/the-finger/fitted/IMG_7705.npy
the-finger,the-finger,IMG_7706,test,./test/skeleton_final_v2/the-finger/IMG_7706.npy,./data/droh_refined/the-finger/fitted/IMG_7706.npy
the-finger,the-finger,IMG_7734,test,./test/skeleton_final_v2/the-finger/IMG_7734.npy,./data/droh_refined/the-finger/fitted/IMG_7734.npy
the-finger,the-finger,IMG_7765,test,./test/skeleton_final_v2/the-finger/IMG_7765.npy,./data/droh_refined/the-finger/fitted/IMG_7765.npy
the-finger,the-finger,IMG_7766,test,./test/skeleton_final_v2/the-finger/IMG_7766.npy,./data/droh_refined/the-finger/fitted/IMG_7766.npy
the-finger,the-finger,IMG_7768,test,./test/skeleton_final_v2/the-finger/IMG_7768.npy,./data/droh_refined/the-finger/fitted/IMG_7768.npy
the-finger,the-finger,IMG_7797,test,./test/skeleton_final_v2/the-finger/IMG_7797.npy,./data/droh_refined/the-finger/fitted/IMG_7797.npy
the-finger,the-finger,IMG_7798,test,./test/skeleton_final_v2/the-finger/IMG_7798.npy,./data/droh_refined/the-finger/fitted/IMG_7798.npy
the-finger,the-finger,IMG_7799,test,./test/skeleton_final_v2/the-finger/IMG_7799.npy,./data/droh_refined/the-finger/fitted/IMG_7799.npy
the-finger,the-finger,IMG_7800,test,./test/skeleton_final_v2/the-finger/IMG_7800.npy,./data/droh_refined/the-finger/fitted/IMG_7800.npy
the-finger,the-finger,IMG_7868,test,./test/skeleton_final_v2/the-finger/IMG_7868.npy,./data/droh_refined/the-finger/fitted/IMG_7868.npy
the-finger,the-finger,IMG_7870,test,./test/skeleton_final_v2/the-finger/IMG_7870.npy,./data/droh_refined/the-finger/fitted/IMG_7870.npy
the-finger,the-finger,IMG_7871,test,./test/skeleton_final_v2/the-finger/IMG_7871.npy,./data/droh_refined/the-finger/fitted/IMG_7871.npy
the-finger,the-finger,IMG_7904,test,./test/skeleton_final_v2/the-finger/IMG_7904.npy,./data/droh_refined/the-finger/fitted/IMG_7904.npy
the-finger,the-finger,IMG_7905,test,./test/skeleton_final_v2/the-finger/IMG_7905.npy,./data/droh_refined/the-finger/fitted/IMG_7905.npy
the-finger,the-finger,IMG_7934,test,./test/skeleton_final_v2/the-finger/IMG_7934.npy,./data/droh_refined/the-finger/fitted/IMG_7934.npy
the-finger,the-finger,IMG_7935,test,./test/skeleton_final_v2/the-finger/IMG_7935.npy,./data/droh_refined/the-finger/fitted/IMG_7935.npy
the-finger,the-finger,IMG_7963,test,./test/skeleton_final_v2/the-finger/IMG_7963.npy,./data/droh_refined/the-finger/fitted/IMG_7963.npy
the-finger,the-finger,IMG_7966,test,./test/skeleton_final_v2/the-finger/IMG_7966.npy,./data/droh_refined/the-finger/fitted/IMG_7966.npy
the-finger,the-finger,IMG_8026,test,./test/skeleton_final_v2/the-finger/IMG_8026.npy,./data/droh_refined/the-finger/fitted/IMG_8026.npy
the-finger,the-finger,IMG_8027,test,./test/skeleton_final_v2/the-finger/IMG_8027.npy,./data/droh_refined/the-finger/fitted/IMG_8027.npy
the-finger,the-finger,IMG_8030,test,./test/skeleton_final_v2/the-finger/IMG_8030.npy,./data/droh_refined/the-finger/fitted/IMG_8030.npy
the-finger,the-finger,IMG_8059,test,./test/skeleton_final_v2/the-finger/IMG_8059.npy,./data/droh_refined/the-finger/fitted/IMG_8059.npy
the-finger,the-finger,IMG_8092,test,./test/skeleton_final_v2/the-finger/IMG_8092.npy,./data/droh_refined/the-finger/fitted/IMG_8092.npy
the-finger,the-finger,IMG_8095,test,./test/skeleton_final_v2/the-finger/IMG_8095.npy,./data/droh_refined/the-finger/fitted/IMG_8095.npy
the-finger,the-finger,IMG_8122,test,./test/skeleton_final_v2/the-finger/IMG_8122.npy,./data/droh_refined/the-finger/fitted/IMG_8122.npy
the-finger,the-finger,IMG_8162,test,./test/skeleton_final_v2/the-finger/IMG_8162.npy,./data/droh_refined/the-finger/fitted/IMG_8162.npy
the-finger,the-finger,IMG_8192,test,./test/skeleton_final_v2/the-finger/IMG_8192.npy,./data/droh_refined/the-finger/fitted/IMG_8192.npy
thumb,thumbdown,IMG_6299,test,./test/skeleton_final_v2/thumbdown/IMG_6299.npy,./data/droh_refined/thumbdown/fitted/IMG_6299.npy
thumb,thumbdown,IMG_6301,test,./test/skeleton_final_v2/thumbdown/IMG_6301.npy,./data/droh_refined/thumbdown/fitted/IMG_6301.npy
thumb,thumbdown,IMG_6302,test,./test/skeleton_final_v2/thumbdown/IMG_6302.npy,./data/droh_refined/thumbdown/fitted/IMG_6302.npy
thumb,thumbdown,IMG_6338,test,./test/skeleton_final_v2/thumbdown/IMG_6338.npy,./data/droh_refined/thumbdown/fitted/IMG_6338.npy
thumb,thumbdown,IMG_6368,test,./test/skeleton_final_v2/thumbdown/IMG_6368.npy,./data/droh_refined/thumbdown/fitted/IMG_6368.npy
thumb,thumbdown,IMG_6444,test,./test/skeleton_final_v2/thumbdown/IMG_6444.npy,./data/droh_refined/thumbdown/fitted/IMG_6444.npy
thumb,thumbdown,IMG_6447,test,./test/skeleton_final_v2/thumbdown/IMG_6447.npy,./data/droh_refined/thumbdown/fitted/IMG_6447.npy
thumb,thumbdown,IMG_6483,test,./test/skeleton_final_v2/thumbdown/IMG_6483.npy,./data/droh_refined/thumbdown/fitted/IMG_6483.npy
thumb,thumbdown,IMG_6485,test,./test/skeleton_final_v2/thumbdown/IMG_6485.npy,./data/droh_refined/thumbdown/fitted/IMG_6485.npy
thumb,thumbdown,IMG_6522,test,./test/skeleton_final_v2/thumbdown/IMG_6522.npy,./data/droh_refined/thumbdown/fitted/IMG_6522.npy
thumb,thumbdown,IMG_6524,test,./test/skeleton_final_v2/thumbdown/IMG_6524.npy,./data/droh_refined/thumbdown/fitted/IMG_6524.npy
thumb,thumbdown,IMG_6525,test,./test/skeleton_final_v2/thumbdown/IMG_6525.npy,./data/droh_refined/thumbdown/fitted/IMG_6525.npy
thumb,thumbdown,IMG_6561,test,./test/skeleton_final_v2/thumbdown/IMG_6561.npy,./data/droh_refined/thumbdown/fitted/IMG_6561.npy
thumb,thumbdown,IMG_6562,test,./test/skeleton_final_v2/thumbdown/IMG_6562.npy,./data/droh_refined/thumbdown/fitted/IMG_6562.npy
thumb,thumbdown,IMG_6564,test,./test/skeleton_final_v2/thumbdown/IMG_6564.npy,./data/droh_refined/thumbdown/fitted/IMG_6564.npy
thumb,thumbdown,IMG_6565,test,./test/skeleton_final_v2/thumbdown/IMG_6565.npy,./data/droh_refined/thumbdown/fitted/IMG_6565.npy
thumb,thumbdown,IMG_6601,test,./test/skeleton_final_v2/thumbdown/IMG_6601.npy,./data/droh_refined/thumbdown/fitted/IMG_6601.npy
thumb,thumbdown,IMG_6633,test,./test/skeleton_final_v2/thumbdown/IMG_6633.npy,./data/droh_refined/thumbdown/fitted/IMG_6633.npy
thumb,thumbdown,IMG_6634,test,./test/skeleton_final_v2/thumbdown/IMG_6634.npy,./data/droh_refined/thumbdown/fitted/IMG_6634.npy
thumb,thumbdown,IMG_6635,test,./test/skeleton_final_v2/thumbdown/IMG_6635.npy,./data/droh_refined/thumbdown/fitted/IMG_6635.npy
thumb,thumbdown,IMG_6636,test,./test/skeleton_final_v2/thumbdown/IMG_6636.npy,./data/droh_refined/thumbdown/fitted/IMG_6636.npy
thumb,thumbdown,IMG_6742,test,./test/skeleton_final_v2/thumbdown/IMG_6742.npy,./data/droh_refined/thumbdown/fitted/IMG_6742.npy
thumb,thumbdown,IMG_6747,test,./test/skeleton_final_v2/thumbdown/IMG_6747.npy,./data/droh_refined/thumbdown/fitted/IMG_6747.npy
thumb,thumbdown,IMG_6749,test,./test/skeleton_final_v2/thumbdown/IMG_6749.npy,./data/droh_refined/thumbdown/fitted/IMG_6749.npy
thumb,thumbdown,IMG_6811,test,./test/skeleton_final_v2/thumbdown/IMG_6811.npy,./data/droh_refined/thumbdown/fitted/IMG_6811.npy
thumb,thumbdown,IMG_6813,test,./test/skeleton_final_v2/thumbdown/IMG_6813.npy,./data/droh_refined/thumbdown/fitted/IMG_6813.npy
thumb,thumbdown,IMG_6814,test,./test/skeleton_final_v2/thumbdown/IMG_6814.npy,./data/droh_refined/thumbdown/fitted/IMG_6814.npy
thumb,thumbdown,IMG_6841,test,./test/skeleton_final_v2/thumbdown/IMG_6841.npy,./data/droh_refined/thumbdown/fitted/IMG_6841.npy
thumb,thumbdown,IMG_6878,test,./test/skeleton_final_v2/thumbdown/IMG_6878.npy,./data/droh_refined/thumbdown/fitted/IMG_6878.npy
thumb,thumbdown,IMG_6879,test,./test/skeleton_final_v2/thumbdown/IMG_6879.npy,./data/droh_refined/thumbdown/fitted/IMG_6879.npy
thumb,thumbdown,IMG_6896,test,./test/skeleton_final_v2/thumbdown/IMG_6896.npy,./data/droh_refined/thumbdown/fitted/IMG_6896.npy
thumb,thumbdown,IMG_6898,test,./test/skeleton_final_v2/thumbdown/IMG_6898.npy,./data/droh_refined/thumbdown/fitted/IMG_6898.npy
thumb,thumbdown,IMG_6946,test,./test/skeleton_final_v2/thumbdown/IMG_6946.npy,./data/droh_refined/thumbdown/fitted/IMG_6946.npy
thumb,thumbdown,IMG_6947,test,./test/skeleton_final_v2/thumbdown/IMG_6947.npy,./data/droh_refined/thumbdown/fitted/IMG_6947.npy
thumb,thumbdown,IMG_6976,test,./test/skeleton_final_v2/thumbdown/IMG_6976.npy,./data/droh_refined/thumbdown/fitted/IMG_6976.npy
thumb,thumbdown,IMG_7044,test,./test/skeleton_final_v2/thumbdown/IMG_7044.npy,./data/droh_refined/thumbdown/fitted/IMG_7044.npy
thumb,thumbdown,IMG_7048,test,./test/skeleton_final_v2/thumbdown/IMG_7048.npy,./data/droh_refined/thumbdown/fitted/IMG_7048.npy
thumb,thumbdown,IMG_7079,test,./test/skeleton_final_v2/thumbdown/IMG_7079.npy,./data/droh_refined/thumbdown/fitted/IMG_7079.npy
thumb,thumbdown,IMG_7081,test,./test/skeleton_final_v2/thumbdown/IMG_7081.npy,./data/droh_refined/thumbdown/fitted/IMG_7081.npy
thumb,thumbdown,IMG_7236,test,./test/skeleton_final_v2/thumbdown/IMG_7236.npy,./data/droh_refined/thumbdown/fitted/IMG_7236.npy
thumb,thumbdown,IMG_7267,test,./test/skeleton_final_v2/thumbdown/IMG_7267.npy,./data/droh_refined/thumbdown/fitted/IMG_7267.npy
thumb,thumbdown,IMG_7268,test,./test/skeleton_final_v2/thumbdown/IMG_7268.npy,./data/droh_refined/thumbdown/fitted/IMG_7268.npy
thumb,thumbdown,IMG_7297,test,./test/skeleton_final_v2/thumbdown/IMG_7297.npy,./data/droh_refined/thumbdown/fitted/IMG_7297.npy
thumb,thumbdown,IMG_7330,test,./test/skeleton_final_v2/thumbdown/IMG_7330.npy,./data/droh_refined/thumbdown/fitted/IMG_7330.npy
thumb,thumbdown,IMG_7331,test,./test/skeleton_final_v2/thumbdown/IMG_7331.npy,./data/droh_refined/thumbdown/fitted/IMG_7331.npy
thumb,thumbdown,IMG_7388,test,./test/skeleton_final_v2/thumbdown/IMG_7388.npy,./data/droh_refined/thumbdown/fitted/IMG_7388.npy
thumb,thumbdown,IMG_7424,test,./test/skeleton_final_v2/thumbdown/IMG_7424.npy,./data/droh_refined/thumbdown/fitted/IMG_7424.npy
thumb,thumbdown,IMG_7426,test,./test/skeleton_final_v2/thumbdown/IMG_7426.npy,./data/droh_refined/thumbdown/fitted/IMG_7426.npy
thumb,thumbdown,IMG_7457,test,./test/skeleton_final_v2/thumbdown/IMG_7457.npy,./data/droh_refined/thumbdown/fitted/IMG_7457.npy
thumb,thumbdown,IMG_7459,test,./test/skeleton_final_v2/thumbdown/IMG_7459.npy,./data/droh_refined/thumbdown/fitted/IMG_7459.npy
thumb,thumbdown,IMG_7557,test,./test/skeleton_final_v2/thumbdown/IMG_7557.npy,./data/droh_refined/thumbdown/fitted/IMG_7557.npy
thumb,thumbdown,IMG_7625,test,./test/skeleton_final_v2/thumbdown/IMG_7625.npy,./data/droh_refined/thumbdown/fitted/IMG_7625.npy
thumb,thumbup,IMG_6293,test,./test/skeleton_final_v2/thumbup/IMG_6293.npy,./data/droh_refined/thumbup/fitted/IMG_6293.npy
thumb,thumbup,IMG_6295,test,./test/skeleton_final_v2/thumbup/IMG_6295.npy,./data/droh_refined/thumbup/fitted/IMG_6295.npy
thumb,thumbup,IMG_6331,test,./test/skeleton_final_v2/thumbup/IMG_6331.npy,./data/droh_refined/thumbup/fitted/IMG_6331.npy
thumb,thumbup,IMG_6332,test,./test/skeleton_final_v2/thumbup/IMG_6332.npy,./data/droh_refined/thumbup/fitted/IMG_6332.npy
thumb,thumbup,IMG_6334,test,./test/skeleton_final_v2/thumbup/IMG_6334.npy,./data/droh_refined/thumbup/fitted/IMG_6334.npy
thumb,thumbup,IMG_6374,test,./test/skeleton_final_v2/thumbup/IMG_6374.npy,./data/droh_refined/thumbup/fitted/IMG_6374.npy
thumb,thumbup,IMG_6375,test,./test/skeleton_final_v2/thumbup/IMG_6375.npy,./data/droh_refined/thumbup/fitted/IMG_6375.npy
thumb,thumbup,IMG_6402,test,./test/skeleton_final_v2/thumbup/IMG_6402.npy,./data/droh_refined/thumbup/fitted/IMG_6402.npy
thumb,thumbup,IMG_6403,test,./test/skeleton_final_v2/thumbup/IMG_6403.npy,./data/droh_refined/thumbup/fitted/IMG_6403.npy
thumb,thumbup,IMG_6438,test,./test/skeleton_final_v2/thumbup/IMG_6438.npy,./data/droh_refined/thumbup/fitted/IMG_6438.npy
thumb,thumbup,IMG_6477,test,./test/skeleton_final_v2/thumbup/IMG_6477.npy,./data/droh_refined/thumbup/fitted/IMG_6477.npy
thumb,thumbup,IMG_6479,test,./test/skeleton_final_v2/thumbup/IMG_6479.npy,./data/droh_refined/thumbup/fitted/IMG_6479.npy
thumb,thumbup,IMG_6480,test,./test/skeleton_final_v2/thumbup/IMG_6480.npy,./data/droh_refined/thumbup/fitted/IMG_6480.npy
thumb,thumbup,IMG_6521,test,./test/skeleton_final_v2/thumbup/IMG_6521.npy,./data/droh_refined/thumbup/fitted/IMG_6521.npy
thumb,thumbup,IMG_6537,test,./test/skeleton_final_v2/thumbup/IMG_6537.npy,./data/droh_refined/thumbup/fitted/IMG_6537.npy
thumb,thumbup,IMG_6557,test,./test/skeleton_final_v2/thumbup/IMG_6557.npy,./data/droh_refined/thumbup/fitted/IMG_6557.npy
thumb,thumbup,IMG_6558,test,./test/skeleton_final_v2/thumbup/IMG_6558.npy,./data/droh_refined/thumbup/fitted/IMG_6558.npy
thumb,thumbup,IMG_6596,test,./test/skeleton_final_v2/thumbup/IMG_6596.npy,./data/droh_refined/thumbup/fitted/IMG_6596.npy
thumb,thumbup,IMG_6663,test,./test/skeleton_final_v2/thumbup/IMG_6663.npy,./data/droh_refined/thumbup/fitted/IMG_6663.npy
thumb,thumbup,IMG_6664,test,./test/skeleton_final_v2/thumbup/IMG_6664.npy,./data/droh_refined/thumbup/fitted/IMG_6664.npy
thumb,thumbup,IMG_6667,test,./test/skeleton_final_v2/thumbup/IMG_6667.npy,./data/droh_refined/thumbup/fitted/IMG_6667.npy
thumb,thumbup,IMG_6682,test,./test/skeleton_final_v2/thumbup/IMG_6682.npy,./data/droh_refined/thumbup/fitted/IMG_6682.npy
thumb,thumbup,IMG_6686,test,./test/skeleton_final_v2/thumbup/IMG_6686.npy,./data/droh_refined/thumbup/fitted/IMG_6686.npy
thumb,thumbup,IMG_6688,test,./test/skeleton_final_v2/thumbup/IMG_6688.npy,./data/droh_refined/thumbup/fitted/IMG_6688.npy
thumb,thumbup,IMG_6689,test,./test/skeleton_final_v2/thumbup/IMG_6689.npy,./data/droh_refined/thumbup/fitted/IMG_6689.npy
thumb,thumbup,IMG_6745,test,./test/skeleton_final_v2/thumbup/IMG_6745.npy,./data/droh_refined/thumbup/fitted/IMG_6745.npy
thumb,thumbup,IMG_6776,test,./test/skeleton_final_v2/thumbup/IMG_6776.npy,./data/droh_refined/thumbup/fitted/IMG_6776.npy
thumb,thumbup,IMG_6809,test,./test/skeleton_final_v2/thumbup/IMG_6809.npy,./data/droh_refined/thumbup/fitted/IMG_6809.npy
thumb,thumbup,IMG_6810,test,./test/skeleton_final_v2/thumbup/IMG_6810.npy,./data/droh_refined/thumbup/fitted/IMG_6810.npy
thumb,thumbup,IMG_6840,test,./test/skeleton_final_v2/thumbup/IMG_6840.npy,./data/droh_refined/thumbup/fitted/IMG_6840.npy
thumb,thumbup,IMG_6875,test,./test/skeleton_final_v2/thumbup/IMG_6875.npy,./data/droh_refined/thumbup/fitted/IMG_6875.npy
thumb,thumbup,IMG_6886,test,./test/skeleton_final_v2/thumbup/IMG_6886.npy,./data/droh_refined/thumbup/fitted/IMG_6886.npy
thumb,thumbup,IMG_6887,test,./test/skeleton_final_v2/thumbup/IMG_6887.npy,./data/droh_refined/thumbup/fitted/IMG_6887.npy
thumb,thumbup,IMG_6889,test,./test/skeleton_final_v2/thumbup/IMG_6889.npy,./data/droh_refined/thumbup/fitted/IMG_6889.npy
thumb,thumbup,IMG_6941,test,./test/skeleton_final_v2/thumbup/IMG_6941.npy,./data/droh_refined/thumbup/fitted/IMG_6941.npy
thumb,thumbup,IMG_6943,test,./test/skeleton_final_v2/thumbup/IMG_6943.npy,./data/droh_refined/thumbup/fitted/IMG_6943.npy
thumb,thumbup,IMG_6971,test,./test/skeleton_final_v2/thumbup/IMG_6971.npy,./data/droh_refined/thumbup/fitted/IMG_6971.npy
thumb,thumbup,IMG_7005,test,./test/skeleton_final_v2/thumbup/IMG_7005.npy,./data/droh_refined/thumbup/fitted/IMG_7005.npy
thumb,thumbup,IMG_7006,test,./test/skeleton_final_v2/thumbup/IMG_7006.npy,./data/droh_refined/thumbup/fitted/IMG_7006.npy
thumb,thumbup,IMG_7008,test,./test/skeleton_final_v2/thumbup/IMG_7008.npy,./data/droh_refined/thumbup/fitted/IMG_7008.npy
thumb,thumbup,IMG_7039,test,./test/skeleton_final_v2/thumbup/IMG_7039.npy,./data/droh_refined/thumbup/fitted/IMG_7039.npy
thumb,thumbup,IMG_7041,test,./test/skeleton_final_v2/thumbup/IMG_7041.npy,./data/droh_refined/thumbup/fitted/IMG_7041.npy
thumb,thumbup,IMG_7042,test,./test/skeleton_final_v2/thumbup/IMG_7042.npy,./data/droh_refined/thumbup/fitted/IMG_7042.npy
thumb,thumbup,IMG_7074,test,./test/skeleton_final_v2/thumbup/IMG_7074.npy,./data/droh_refined/thumbup/fitted/IMG_7074.npy
thumb,thumbup,IMG_7263,test,./test/skeleton_final_v2/thumbup/IMG_7263.npy,./data/droh_refined/thumbup/fitted/IMG_7263.npy
thumb,thumbup,IMG_7326,test,./test/skeleton_final_v2/thumbup/IMG_7326.npy,./data/droh_refined/thumbup/fitted/IMG_7326.npy
thumb,thumbup,IMG_7361,test,./test/skeleton_final_v2/thumbup/IMG_7361.npy,./data/droh_refined/thumbup/fitted/IMG_7361.npy
thumb,thumbup,IMG_7384,test,./test/skeleton_final_v2/thumbup/IMG_7384.npy,./data/droh_refined/thumbup/fitted/IMG_7384.npy
thumb,thumbup,IMG_7453,test,./test/skeleton_final_v2/thumbup/IMG_7453.npy,./data/droh_refined/thumbup/fitted/IMG_7453.npy
thumb,thumbup,IMG_7487,test,./test/skeleton_final_v2/thumbup/IMG_7487.npy,./data/droh_refined/thumbup/fitted/IMG_7487.npy
thumb,thumbup,IMG_7556,test,./test/skeleton_final_v2/thumbup/IMG_7556.npy,./data/droh_refined/thumbup/fitted/IMG_7556.npy
thumb,thumbup,IMG_7621,test,./test/skeleton_final_v2/thumbup/IMG_7621.npy,./data/droh_refined/thumbup/fitted/IMG_7621.npy
thumb,thumbup,IMG_7622,test,./test/skeleton_final_v2/thumbup/IMG_7622.npy,./data/droh_refined/thumbup/fitted/IMG_7622.npy
thumb,thumbup,IMG_7623,test,./test/skeleton_final_v2/thumbup/IMG_7623.npy,./data/droh_refined/thumbup/fitted/IMG_7623.npy
thumb,thumbup,IMG_7727,test,./test/skeleton_final_v2/thumbup/IMG_7727.npy,./data/droh_refined/thumbup/fitted/IMG_7727.npy
thumb,thumbup,IMG_7760,test,./test/skeleton_final_v2/thumbup/IMG_7760.npy,./data/droh_refined/thumbup/fitted/IMG_7760.npy
thumb,thumbup,IMG_7787,test,./test/skeleton_final_v2/thumbup/IMG_7787.npy,./data/droh_refined/thumbup/fitted/IMG_7787.npy
thumb,thumbup,IMG_7788,test,./test/skeleton_final_v2/thumbup/IMG_7788.npy,./data/droh_refined/thumbup/fitted/IMG_7788.npy
thumb,thumbup,IMG_7789,test,./test/skeleton_final_v2/thumbup/IMG_7789.npy,./data/droh_refined/thumbup/fitted/IMG_7789.npy
thumb,thumbup,IMG_7790,test,./test/skeleton_final_v2/thumbup/IMG_7790.npy,./data/droh_refined/thumbup/fitted/IMG_7790.npy
thumb,thumbup,IMG_7860,test,./test/skeleton_final_v2/thumbup/IMG_7860.npy,./data/droh_refined/thumbup/fitted/IMG_7860.npy
thumb,thumbup,IMG_7894,test,./test/skeleton_final_v2/thumbup/IMG_7894.npy,./data/droh_refined/thumbup/fitted/IMG_7894.npy
thumb,thumbup,IMG_8020,test,./test/skeleton_final_v2/thumbup/IMG_8020.npy,./data/droh_refined/thumbup/fitted/IMG_8020.npy
thumb,thumbup,IMG_8113,test,./test/skeleton_final_v2/thumbup/IMG_8113.npy,./data/droh_refined/thumbup/fitted/IMG_8113.npy
thumb,thumbup,IMG_8117,test,./test/skeleton_final_v2/thumbup/IMG_8117.npy,./data/droh_refined/thumbup/fitted/IMG_8117.npy
thumb,thumbup,IMG_8145,test,./test/skeleton_final_v2/thumbup/IMG_8145.npy,./data/droh_refined/thumbup/fitted/IMG_8145.npy
thumb,thumbup,IMG_8146,test,./test/skeleton_final_v2/thumbup/IMG_8146.npy,./data/droh_refined/thumbup/fitted/IMG_8146.npy
thumb,thumbup,IMG_8148,test,./test/skeleton_final_v2/thumbup/IMG_8148.npy,./data/droh_refined/thumbup/fitted/IMG_8148.npy
thumb,thumbup,IMG_8181,test,./test/skeleton_final_v2/thumbup/IMG_8181.npy,./data/droh_refined/thumbup/fitted/IMG_8181.npy
thumb,thumbup,IMG_8183,test,./test/skeleton_final_v2/thumbup/IMG_8183.npy,./data/droh_refined/thumbup/fitted/IMG_8183.npy
