action,sample_id,split,image_path,skeleton_path,handedness,raw_path
ok,IMG_6289,test,./data/raw_droh/ok/IMG_6289.JPG,./test/skeleton_final_v2/ok/IMG_6289.npy,Left,./test/skeleton_raw/ok/IMG_6289.npy
ok,IMG_6290,test,./data/raw_droh/ok/IMG_6290.JPG,./test/skeleton_final_v2/ok/IMG_6290.npy,Left,./test/skeleton_raw/ok/IMG_6290.npy
ok,IMG_6292,test,./data/raw_droh/ok/IMG_6292.JPG,./test/skeleton_final_v2/ok/IMG_6292.npy,Left,./test/skeleton_raw/ok/IMG_6292.npy
ok,IMG_6327,test,./data/raw_droh/ok/IMG_6327.JPG,./test/skeleton_final_v2/ok/IMG_6327.npy,Left,./test/skeleton_raw/ok/IMG_6327.npy
ok,IMG_6329,test,./data/raw_droh/ok/IMG_6329.JPG,./test/skeleton_final_v2/ok/IMG_6329.npy,Left,./test/skeleton_raw/ok/IMG_6329.npy
ok,IMG_6362,test,./data/raw_droh/ok/IMG_6362.JPG,./test/skeleton_final_v2/ok/IMG_6362.npy,Left,./test/skeleton_raw/ok/IMG_6362.npy
ok,IMG_6363,test,./data/raw_droh/ok/IMG_6363.JPG,./test/skeleton_final_v2/ok/IMG_6363.npy,Left,./test/skeleton_raw/ok/IMG_6363.npy
ok,IMG_6396,test,./data/raw_droh/ok/IMG_6396.JPG,./test/skeleton_final_v2/ok/IMG_6396.npy,Left,./test/skeleton_raw/ok/IMG_6396.npy
ok,IMG_6434,test,./data/raw_droh/ok/IMG_6434.JPG,./test/skeleton_final_v2/ok/IMG_6434.npy,Left,./test/skeleton_raw/ok/IMG_6434.npy
ok,IMG_6437,test,./data/raw_droh/ok/IMG_6437.JPG,./test/skeleton_final_v2/ok/IMG_6437.npy,Left,./test/skeleton_raw/ok/IMG_6437.npy
ok,IMG_6472,test,./data/raw_droh/ok/IMG_6472.JPG,./test/skeleton_final_v2/ok/IMG_6472.npy,Right,./test/skeleton_raw/ok/IMG_6472.npy
ok,IMG_6474,test,./data/raw_droh/ok/IMG_6474.JPG,./test/skeleton_final_v2/ok/IMG_6474.npy,Right,./test/skeleton_raw/ok/IMG_6474.npy
ok,IMG_6512,test,./data/raw_droh/ok/IMG_6512.JPG,./test/skeleton_final_v2/ok/IMG_6512.npy,Left,./test/skeleton_raw/ok/IMG_6512.npy
ok,IMG_6554,test,./data/raw_droh/ok/IMG_6554.JPG,./test/skeleton_final_v2/ok/IMG_6554.npy,Right,./test/skeleton_raw/ok/IMG_6554.npy
ok,IMG_6555,test,./data/raw_droh/ok/IMG_6555.JPG,./test/skeleton_final_v2/ok/IMG_6555.npy,Left,./test/skeleton_raw/ok/IMG_6555.npy
ok,IMG_6591,test,./data/raw_droh/ok/IMG_6591.JPG,./test/skeleton_final_v2/ok/IMG_6591.npy,Left,./test/skeleton_raw/ok/IMG_6591.npy
ok,IMG_6623,test,./data/raw_droh/ok/IMG_6623.JPG,./test/skeleton_final_v2/ok/IMG_6623.npy,Left,./test/skeleton_raw/ok/IMG_6623.npy
ok,IMG_6624,test,./data/raw_droh/ok/IMG_6624.JPG,./test/skeleton_final_v2/ok/IMG_6624.npy,Left,./test/skeleton_raw/ok/IMG_6624.npy
ok,IMG_6712,test,./data/raw_droh/ok/IMG_6712.JPG,./test/skeleton_final_v2/ok/IMG_6712.npy,Left,./test/skeleton_raw/ok/IMG_6712.npy
ok,IMG_6714,test,./data/raw_droh/ok/IMG_6714.JPG,./test/skeleton_final_v2/ok/IMG_6714.npy,Left,./test/skeleton_raw/ok/IMG_6714.npy
ok,IMG_6738,test,./data/raw_droh/ok/IMG_6738.JPG,./test/skeleton_final_v2/ok/IMG_6738.npy,Right,./test/skeleton_raw/ok/IMG_6738.npy
ok,IMG_6803,test,./data/raw_droh/ok/IMG_6803.JPG,./test/skeleton_final_v2/ok/IMG_6803.npy,Left,./test/skeleton_raw/ok/IMG_6803.npy
ok,IMG_6805,test,./data/raw_droh/ok/IMG_6805.JPG,./test/skeleton_final_v2/ok/IMG_6805.npy,Left,./test/skeleton_raw/ok/IMG_6805.npy
ok,IMG_6834,test,./data/raw_droh/ok/IMG_6834.JPG,./test/skeleton_final_v2/ok/IMG_6834.npy,Right,./test/skeleton_raw/ok/IMG_6834.npy
ok,IMG_6835,test,./data/raw_droh/ok/IMG_6835.JPG,./test/skeleton_final_v2/ok/IMG_6835.npy,Right,./test/skeleton_raw/ok/IMG_6835.npy
ok,IMG_6937,test,./data/raw_droh/ok/IMG_6937.JPG,./test/skeleton_final_v2/ok/IMG_6937.npy,Left,./test/skeleton_raw/ok/IMG_6937.npy
ok,IMG_6938,test,./data/raw_droh/ok/IMG_6938.JPG,./test/skeleton_final_v2/ok/IMG_6938.npy,Left,./test/skeleton_raw/ok/IMG_6938.npy
ok,IMG_6967,test,./data/raw_droh/ok/IMG_6967.JPG,./test/skeleton_final_v2/ok/IMG_6967.npy,Left,./test/skeleton_raw/ok/IMG_6967.npy
ok,IMG_6968,test,./data/raw_droh/ok/IMG_6968.JPG,./test/skeleton_final_v2/ok/IMG_6968.npy,Left,./test/skeleton_raw/ok/IMG_6968.npy
ok,IMG_6969,test,./data/raw_droh/ok/IMG_6969.JPG,./test/skeleton_final_v2/ok/IMG_6969.npy,Left,./test/skeleton_raw/ok/IMG_6969.npy
ok,IMG_6970,test,./data/raw_droh/ok/IMG_6970.JPG,./test/skeleton_final_v2/ok/IMG_6970.npy,Left,./test/skeleton_raw/ok/IMG_6970.npy
ok,IMG_7001,test,./data/raw_droh/ok/IMG_7001.JPG,./test/skeleton_final_v2/ok/IMG_7001.npy,Left,./test/skeleton_raw/ok/IMG_7001.npy
ok,IMG_7036,test,./data/raw_droh/ok/IMG_7036.JPG,./test/skeleton_final_v2/ok/IMG_7036.npy,Right,./test/skeleton_raw/ok/IMG_7036.npy
ok,IMG_7037,test,./data/raw_droh/ok/IMG_7037.JPG,./test/skeleton_final_v2/ok/IMG_7037.npy,Right,./test/skeleton_raw/ok/IMG_7037.npy
ok,IMG_7038,test,./data/raw_droh/ok/IMG_7038.JPG,./test/skeleton_final_v2/ok/IMG_7038.npy,Right,./test/skeleton_raw/ok/IMG_7038.npy
ok,IMG_7070,test,./data/raw_droh/ok/IMG_7070.JPG,./test/skeleton_final_v2/ok/IMG_7070.npy,Right,./test/skeleton_raw/ok/IMG_7070.npy
ok,IMG_7072,test,./data/raw_droh/ok/IMG_7072.JPG,./test/skeleton_final_v2/ok/IMG_7072.npy,Right,./test/skeleton_raw/ok/IMG_7072.npy
ok,IMG_7073,test,./data/raw_droh/ok/IMG_7073.JPG,./test/skeleton_final_v2/ok/IMG_7073.npy,Right,./test/skeleton_raw/ok/IMG_7073.npy
ok,IMG_7227,test,./data/raw_droh/ok/IMG_7227.JPG,./test/skeleton_final_v2/ok/IMG_7227.npy,Left,./test/skeleton_raw/ok/IMG_7227.npy
ok,IMG_7228,test,./data/raw_droh/ok/IMG_7228.JPG,./test/skeleton_final_v2/ok/IMG_7228.npy,Left,./test/skeleton_raw/ok/IMG_7228.npy
ok,IMG_7258,test,./data/raw_droh/ok/IMG_7258.JPG,./test/skeleton_final_v2/ok/IMG_7258.npy,Left,./test/skeleton_raw/ok/IMG_7258.npy
ok,IMG_7259,test,./data/raw_droh/ok/IMG_7259.JPG,./test/skeleton_final_v2/ok/IMG_7259.npy,Left,./test/skeleton_raw/ok/IMG_7259.npy
ok,IMG_7260,test,./data/raw_droh/ok/IMG_7260.JPG,./test/skeleton_final_v2/ok/IMG_7260.npy,Left,./test/skeleton_raw/ok/IMG_7260.npy
ok,IMG_7288,test,./data/raw_droh/ok/IMG_7288.JPG,./test/skeleton_final_v2/ok/IMG_7288.npy,Left,./test/skeleton_raw/ok/IMG_7288.npy
ok,IMG_7290,test,./data/raw_droh/ok/IMG_7290.JPG,./test/skeleton_final_v2/ok/IMG_7290.npy,Left,./test/skeleton_raw/ok/IMG_7290.npy
ok,IMG_7291,test,./data/raw_droh/ok/IMG_7291.JPG,./test/skeleton_final_v2/ok/IMG_7291.npy,Left,./test/skeleton_raw/ok/IMG_7291.npy
ok,IMG_7322,test,./data/raw_droh/ok/IMG_7322.JPG,./test/skeleton_final_v2/ok/IMG_7322.npy,Left,./test/skeleton_raw/ok/IMG_7322.npy
ok,IMG_7323,test,./data/raw_droh/ok/IMG_7323.JPG,./test/skeleton_final_v2/ok/IMG_7323.npy,Left,./test/skeleton_raw/ok/IMG_7323.npy
ok,IMG_7351,test,./data/raw_droh/ok/IMG_7351.JPG,./test/skeleton_final_v2/ok/IMG_7351.npy,Left,./test/skeleton_raw/ok/IMG_7351.npy
ok,IMG_7352,test,./data/raw_droh/ok/IMG_7352.JPG,./test/skeleton_final_v2/ok/IMG_7352.npy,Left,./test/skeleton_raw/ok/IMG_7352.npy
ok,IMG_7354,test,./data/raw_droh/ok/IMG_7354.JPG,./test/skeleton_final_v2/ok/IMG_7354.npy,Right,./test/skeleton_raw/ok/IMG_7354.npy
ok,IMG_7355,test,./data/raw_droh/ok/IMG_7355.JPG,./test/skeleton_final_v2/ok/IMG_7355.npy,Left,./test/skeleton_raw/ok/IMG_7355.npy
ok,IMG_7391,test,./data/raw_droh/ok/IMG_7391.JPG,./test/skeleton_final_v2/ok/IMG_7391.npy,Right,./test/skeleton_raw/ok/IMG_7391.npy
ok,IMG_7394,test,./data/raw_droh/ok/IMG_7394.JPG,./test/skeleton_final_v2/ok/IMG_7394.npy,Right,./test/skeleton_raw/ok/IMG_7394.npy
ok,IMG_7416,test,./data/raw_droh/ok/IMG_7416.JPG,./test/skeleton_final_v2/ok/IMG_7416.npy,Right,./test/skeleton_raw/ok/IMG_7416.npy
ok,IMG_7418,test,./data/raw_droh/ok/IMG_7418.JPG,./test/skeleton_final_v2/ok/IMG_7418.npy,Right,./test/skeleton_raw/ok/IMG_7418.npy
ok,IMG_7448,test,./data/raw_droh/ok/IMG_7448.JPG,./test/skeleton_final_v2/ok/IMG_7448.npy,Left,./test/skeleton_raw/ok/IMG_7448.npy
ok,IMG_7484,test,./data/raw_droh/ok/IMG_7484.JPG,./test/skeleton_final_v2/ok/IMG_7484.npy,Right,./test/skeleton_raw/ok/IMG_7484.npy
ok,IMG_7529,test,./data/raw_droh/ok/IMG_7529.JPG,./test/skeleton_final_v2/ok/IMG_7529.npy,Right,./test/skeleton_raw/ok/IMG_7529.npy
ok,IMG_7550,test,./data/raw_droh/ok/IMG_7550.JPG,./test/skeleton_final_v2/ok/IMG_7550.npy,Left,./test/skeleton_raw/ok/IMG_7550.npy
ok,IMG_7581,test,./data/raw_droh/ok/IMG_7581.JPG,./test/skeleton_final_v2/ok/IMG_7581.npy,Right,./test/skeleton_raw/ok/IMG_7581.npy
ok,IMG_7582,test,./data/raw_droh/ok/IMG_7582.JPG,./test/skeleton_final_v2/ok/IMG_7582.npy,Left,./test/skeleton_raw/ok/IMG_7582.npy
ok,IMG_7583,test,./data/raw_droh/ok/IMG_7583.JPG,./test/skeleton_final_v2/ok/IMG_7583.npy,Left,./test/skeleton_raw/ok/IMG_7583.npy
ok,IMG_7584,test,./data/raw_droh/ok/IMG_7584.JPG,./test/skeleton_final_v2/ok/IMG_7584.npy,Left,./test/skeleton_raw/ok/IMG_7584.npy
ok,IMG_7585,test,./data/raw_droh/ok/IMG_7585.JPG,./test/skeleton_final_v2/ok/IMG_7585.npy,Left,./test/skeleton_raw/ok/IMG_7585.npy
ok,IMG_7613,test,./data/raw_droh/ok/IMG_7613.JPG,./test/skeleton_final_v2/ok/IMG_7613.npy,Left,./test/skeleton_raw/ok/IMG_7613.npy
ok,IMG_7614,test,./data/raw_droh/ok/IMG_7614.JPG,./test/skeleton_final_v2/ok/IMG_7614.npy,Left,./test/skeleton_raw/ok/IMG_7614.npy
ok,IMG_7616,test,./data/raw_droh/ok/IMG_7616.JPG,./test/skeleton_final_v2/ok/IMG_7616.npy,Left,./test/skeleton_raw/ok/IMG_7616.npy
ok,IMG_7617,test,./data/raw_droh/ok/IMG_7617.JPG,./test/skeleton_final_v2/ok/IMG_7617.npy,Left,./test/skeleton_raw/ok/IMG_7617.npy
ok,IMG_7618,test,./data/raw_droh/ok/IMG_7618.JPG,./test/skeleton_final_v2/ok/IMG_7618.npy,Left,./test/skeleton_raw/ok/IMG_7618.npy
ok,IMG_7655,test,./data/raw_droh/ok/IMG_7655.JPG,./test/skeleton_final_v2/ok/IMG_7655.npy,Left,./test/skeleton_raw/ok/IMG_7655.npy
ok,IMG_7656,test,./data/raw_droh/ok/IMG_7656.JPG,./test/skeleton_final_v2/ok/IMG_7656.npy,Left,./test/skeleton_raw/ok/IMG_7656.npy
ok,IMG_7657,test,./data/raw_droh/ok/IMG_7657.JPG,./test/skeleton_final_v2/ok/IMG_7657.npy,Left,./test/skeleton_raw/ok/IMG_7657.npy
ok,IMG_7660,test,./data/raw_droh/ok/IMG_7660.JPG,./test/skeleton_final_v2/ok/IMG_7660.npy,Left,./test/skeleton_raw/ok/IMG_7660.npy
ok,IMG_7690,test,./data/raw_droh/ok/IMG_7690.JPG,./test/skeleton_final_v2/ok/IMG_7690.npy,Left,./test/skeleton_raw/ok/IMG_7690.npy
ok,IMG_7691,test,./data/raw_droh/ok/IMG_7691.JPG,./test/skeleton_final_v2/ok/IMG_7691.npy,Right,./test/skeleton_raw/ok/IMG_7691.npy
ok,IMG_7693,test,./data/raw_droh/ok/IMG_7693.JPG,./test/skeleton_final_v2/ok/IMG_7693.npy,Left,./test/skeleton_raw/ok/IMG_7693.npy
ok,IMG_7722,test,./data/raw_droh/ok/IMG_7722.JPG,./test/skeleton_final_v2/ok/IMG_7722.npy,Right,./test/skeleton_raw/ok/IMG_7722.npy
ok,IMG_7723,test,./data/raw_droh/ok/IMG_7723.JPG,./test/skeleton_final_v2/ok/IMG_7723.npy,Right,./test/skeleton_raw/ok/IMG_7723.npy
ok,IMG_7753,test,./data/raw_droh/ok/IMG_7753.JPG,./test/skeleton_final_v2/ok/IMG_7753.npy,Left,./test/skeleton_raw/ok/IMG_7753.npy
ok,IMG_7756,test,./data/raw_droh/ok/IMG_7756.JPG,./test/skeleton_final_v2/ok/IMG_7756.npy,Left,./test/skeleton_raw/ok/IMG_7756.npy
ok,IMG_7782,test,./data/raw_droh/ok/IMG_7782.JPG,./test/skeleton_final_v2/ok/IMG_7782.npy,Right,./test/skeleton_raw/ok/IMG_7782.npy
ok,IMG_7783,test,./data/raw_droh/ok/IMG_7783.JPG,./test/skeleton_final_v2/ok/IMG_7783.npy,Left,./test/skeleton_raw/ok/IMG_7783.npy
ok,IMG_7786,test,./data/raw_droh/ok/IMG_7786.JPG,./test/skeleton_final_v2/ok/IMG_7786.npy,Left,./test/skeleton_raw/ok/IMG_7786.npy
ok,IMG_7854,test,./data/raw_droh/ok/IMG_7854.JPG,./test/skeleton_final_v2/ok/IMG_7854.npy,Left,./test/skeleton_raw/ok/IMG_7854.npy
ok,IMG_7887,test,./data/raw_droh/ok/IMG_7887.JPG,./test/skeleton_final_v2/ok/IMG_7887.npy,Left,./test/skeleton_raw/ok/IMG_7887.npy
ok,IMG_7888,test,./data/raw_droh/ok/IMG_7888.JPG,./test/skeleton_final_v2/ok/IMG_7888.npy,Left,./test/skeleton_raw/ok/IMG_7888.npy
ok,IMG_7890,test,./data/raw_droh/ok/IMG_7890.JPG,./test/skeleton_final_v2/ok/IMG_7890.npy,Left,./test/skeleton_raw/ok/IMG_7890.npy
ok,IMG_7891,test,./data/raw_droh/ok/IMG_7891.JPG,./test/skeleton_final_v2/ok/IMG_7891.npy,Left,./test/skeleton_raw/ok/IMG_7891.npy
ok,IMG_7922,test,./data/raw_droh/ok/IMG_7922.JPG,./test/skeleton_final_v2/ok/IMG_7922.npy,Left,./test/skeleton_raw/ok/IMG_7922.npy
ok,IMG_7948,test,./data/raw_droh/ok/IMG_7948.JPG,./test/skeleton_final_v2/ok/IMG_7948.npy,Left,./test/skeleton_raw/ok/IMG_7948.npy
ok,IMG_7950,test,./data/raw_droh/ok/IMG_7950.JPG,./test/skeleton_final_v2/ok/IMG_7950.npy,Left,./test/skeleton_raw/ok/IMG_7950.npy
ok,IMG_7951,test,./data/raw_droh/ok/IMG_7951.JPG,./test/skeleton_final_v2/ok/IMG_7951.npy,Left,./test/skeleton_raw/ok/IMG_7951.npy
ok,IMG_7980,test,./data/raw_droh/ok/IMG_7980.JPG,./test/skeleton_final_v2/ok/IMG_7980.npy,Right,./test/skeleton_raw/ok/IMG_7980.npy
ok,IMG_8014,test,./data/raw_droh/ok/IMG_8014.JPG,./test/skeleton_final_v2/ok/IMG_8014.npy,Left,./test/skeleton_raw/ok/IMG_8014.npy
ok,IMG_8046,test,./data/raw_droh/ok/IMG_8046.JPG,./test/skeleton_final_v2/ok/IMG_8046.npy,Left,./test/skeleton_raw/ok/IMG_8046.npy
ok,IMG_8047,test,./data/raw_droh/ok/IMG_8047.JPG,./test/skeleton_final_v2/ok/IMG_8047.npy,Left,./test/skeleton_raw/ok/IMG_8047.npy
ok,IMG_8049,test,./data/raw_droh/ok/IMG_8049.JPG,./test/skeleton_final_v2/ok/IMG_8049.npy,Left,./test/skeleton_raw/ok/IMG_8049.npy
ok,IMG_8087,test,./data/raw_droh/ok/IMG_8087.JPG,./test/skeleton_final_v2/ok/IMG_8087.npy,Left,./test/skeleton_raw/ok/IMG_8087.npy
ok,IMG_8088,test,./data/raw_droh/ok/IMG_8088.JPG,./test/skeleton_final_v2/ok/IMG_8088.npy,Left,./test/skeleton_raw/ok/IMG_8088.npy
ok,IMG_8089,test,./data/raw_droh/ok/IMG_8089.JPG,./test/skeleton_final_v2/ok/IMG_8089.npy,Right,./test/skeleton_raw/ok/IMG_8089.npy
ok,IMG_8091,test,./data/raw_droh/ok/IMG_8091.JPG,./test/skeleton_final_v2/ok/IMG_8091.npy,Left,./test/skeleton_raw/ok/IMG_8091.npy
ok,IMG_8109,test,./data/raw_droh/ok/IMG_8109.JPG,./test/skeleton_final_v2/ok/IMG_8109.npy,Left,./test/skeleton_raw/ok/IMG_8109.npy
ok,IMG_8110,test,./data/raw_droh/ok/IMG_8110.JPG,./test/skeleton_final_v2/ok/IMG_8110.npy,Left,./test/skeleton_raw/ok/IMG_8110.npy
ok,IMG_8177,test,./data/raw_droh/ok/IMG_8177.JPG,./test/skeleton_final_v2/ok/IMG_8177.npy,Right,./test/skeleton_raw/ok/IMG_8177.npy
ok,IMG_8178,test,./data/raw_droh/ok/IMG_8178.JPG,./test/skeleton_final_v2/ok/IMG_8178.npy,Left,./test/skeleton_raw/ok/IMG_8178.npy
paper,IMG_6274,test,./data/raw_droh/paper/IMG_6274.JPG,./test/skeleton_final_v2/paper/IMG_6274.npy,Left,./test/skeleton_raw/paper/IMG_6274.npy
paper,IMG_6275,test,./data/raw_droh/paper/IMG_6275.JPG,./test/skeleton_final_v2/paper/IMG_6275.npy,Left,./test/skeleton_raw/paper/IMG_6275.npy
paper,IMG_6276,test,./data/raw_droh/paper/IMG_6276.JPG,./test/skeleton_final_v2/paper/IMG_6276.npy,Left,./test/skeleton_raw/paper/IMG_6276.npy
paper,IMG_6277,test,./data/raw_droh/paper/IMG_6277.JPG,./test/skeleton_final_v2/paper/IMG_6277.npy,Left,./test/skeleton_raw/paper/IMG_6277.npy
paper,IMG_6279,test,./data/raw_droh/paper/IMG_6279.JPG,./test/skeleton_final_v2/paper/IMG_6279.npy,Right,./test/skeleton_raw/paper/IMG_6279.npy
paper,IMG_6280,test,./data/raw_droh/paper/IMG_6280.JPG,./test/skeleton_final_v2/paper/IMG_6280.npy,Left,./test/skeleton_raw/paper/IMG_6280.npy
paper,IMG_6323,test,./data/raw_droh/paper/IMG_6323.JPG,./test/skeleton_final_v2/paper/IMG_6323.npy,Left,./test/skeleton_raw/paper/IMG_6323.npy
paper,IMG_6324,test,./data/raw_droh/paper/IMG_6324.JPG,./test/skeleton_final_v2/paper/IMG_6324.npy,Left,./test/skeleton_raw/paper/IMG_6324.npy
paper,IMG_6325,test,./data/raw_droh/paper/IMG_6325.JPG,./test/skeleton_final_v2/paper/IMG_6325.npy,Left,./test/skeleton_raw/paper/IMG_6325.npy
paper,IMG_6326,test,./data/raw_droh/paper/IMG_6326.JPG,./test/skeleton_final_v2/paper/IMG_6326.npy,Left,./test/skeleton_raw/paper/IMG_6326.npy
paper,IMG_6355,test,./data/raw_droh/paper/IMG_6355.JPG,./test/skeleton_final_v2/paper/IMG_6355.npy,Left,./test/skeleton_raw/paper/IMG_6355.npy
paper,IMG_6358,test,./data/raw_droh/paper/IMG_6358.JPG,./test/skeleton_final_v2/paper/IMG_6358.npy,Left,./test/skeleton_raw/paper/IMG_6358.npy
paper,IMG_6359,test,./data/raw_droh/paper/IMG_6359.JPG,./test/skeleton_final_v2/paper/IMG_6359.npy,Left,./test/skeleton_raw/paper/IMG_6359.npy
paper,IMG_6391,test,./data/raw_droh/paper/IMG_6391.JPG,./test/skeleton_final_v2/paper/IMG_6391.npy,Left,./test/skeleton_raw/paper/IMG_6391.npy
paper,IMG_6392,test,./data/raw_droh/paper/IMG_6392.JPG,./test/skeleton_final_v2/paper/IMG_6392.npy,Left,./test/skeleton_raw/paper/IMG_6392.npy
paper,IMG_6393,test,./data/raw_droh/paper/IMG_6393.JPG,./test/skeleton_final_v2/paper/IMG_6393.npy,Left,./test/skeleton_raw/paper/IMG_6393.npy
paper,IMG_6395,test,./data/raw_droh/paper/IMG_6395.JPG,./test/skeleton_final_v2/paper/IMG_6395.npy,Left,./test/skeleton_raw/paper/IMG_6395.npy
paper,IMG_6427,test,./data/raw_droh/paper/IMG_6427.JPG,./test/skeleton_final_v2/paper/IMG_6427.npy,Left,./test/skeleton_raw/paper/IMG_6427.npy
paper,IMG_6429,test,./data/raw_droh/paper/IMG_6429.JPG,./test/skeleton_final_v2/paper/IMG_6429.npy,Left,./test/skeleton_raw/paper/IMG_6429.npy
paper,IMG_6430,test,./data/raw_droh/paper/IMG_6430.JPG,./test/skeleton_final_v2/paper/IMG_6430.npy,Left,./test/skeleton_raw/paper/IMG_6430.npy
paper,IMG_6431,test,./data/raw_droh/paper/IMG_6431.JPG,./test/skeleton_final_v2/paper/IMG_6431.npy,Left,./test/skeleton_raw/paper/IMG_6431.npy
paper,IMG_6467,test,./data/raw_droh/paper/IMG_6467.JPG,./test/skeleton_final_v2/paper/IMG_6467.npy,Right,./test/skeleton_raw/paper/IMG_6467.npy
paper,IMG_6468,test,./data/raw_droh/paper/IMG_6468.JPG,./test/skeleton_final_v2/paper/IMG_6468.npy,Right,./test/skeleton_raw/paper/IMG_6468.npy
paper,IMG_6469,test,./data/raw_droh/paper/IMG_6469.JPG,./test/skeleton_final_v2/paper/IMG_6469.npy,Right,./test/skeleton_raw/paper/IMG_6469.npy
paper,IMG_6504,test,./data/raw_droh/paper/IMG_6504.JPG,./test/skeleton_final_v2/paper/IMG_6504.npy,Left,./test/skeleton_raw/paper/IMG_6504.npy
paper,IMG_6505,test,./data/raw_droh/paper/IMG_6505.JPG,./test/skeleton_final_v2/paper/IMG_6505.npy,Left,./test/skeleton_raw/paper/IMG_6505.npy
paper,IMG_6508,test,./data/raw_droh/paper/IMG_6508.JPG,./test/skeleton_final_v2/paper/IMG_6508.npy,Left,./test/skeleton_raw/paper/IMG_6508.npy
paper,IMG_6546,test,./data/raw_droh/paper/IMG_6546.JPG,./test/skeleton_final_v2/paper/IMG_6546.npy,Left,./test/skeleton_raw/paper/IMG_6546.npy
paper,IMG_6547,test,./data/raw_droh/paper/IMG_6547.JPG,./test/skeleton_final_v2/paper/IMG_6547.npy,Left,./test/skeleton_raw/paper/IMG_6547.npy
paper,IMG_6548,test,./data/raw_droh/paper/IMG_6548.JPG,./test/skeleton_final_v2/paper/IMG_6548.npy,Right,./test/skeleton_raw/paper/IMG_6548.npy
paper,IMG_6549,test,./data/raw_droh/paper/IMG_6549.JPG,./test/skeleton_final_v2/paper/IMG_6549.npy,Left,./test/skeleton_raw/paper/IMG_6549.npy
paper,IMG_6550,test,./data/raw_droh/paper/IMG_6550.JPG,./test/skeleton_final_v2/paper/IMG_6550.npy,Left,./test/skeleton_raw/paper/IMG_6550.npy
paper,IMG_6582,test,./data/raw_droh/paper/IMG_6582.JPG,./test/skeleton_final_v2/paper/IMG_6582.npy,Left,./test/skeleton_raw/paper/IMG_6582.npy
paper,IMG_6583,test,./data/raw_droh/paper/IMG_6583.JPG,./test/skeleton_final_v2/paper/IMG_6583.npy,Left,./test/skeleton_raw/paper/IMG_6583.npy
paper,IMG_6584,test,./data/raw_droh/paper/IMG_6584.JPG,./test/skeleton_final_v2/paper/IMG_6584.npy,Left,./test/skeleton_raw/paper/IMG_6584.npy
paper,IMG_6585,test,./data/raw_droh/paper/IMG_6585.JPG,./test/skeleton_final_v2/paper/IMG_6585.npy,Left,./test/skeleton_raw/paper/IMG_6585.npy
paper,IMG_6619,test,./data/raw_droh/paper/IMG_6619.JPG,./test/skeleton_final_v2/paper/IMG_6619.npy,Left,./test/skeleton_raw/paper/IMG_6619.npy
paper,IMG_6622,test,./data/raw_droh/paper/IMG_6622.JPG,./test/skeleton_final_v2/paper/IMG_6622.npy,Left,./test/skeleton_raw/paper/IMG_6622.npy
paper,IMG_6653,test,./data/raw_droh/paper/IMG_6653.JPG,./test/skeleton_final_v2/paper/IMG_6653.npy,Left,./test/skeleton_raw/paper/IMG_6653.npy
paper,IMG_6654,test,./data/raw_droh/paper/IMG_6654.JPG,./test/skeleton_final_v2/paper/IMG_6654.npy,Left,./test/skeleton_raw/paper/IMG_6654.npy
paper,IMG_6655,test,./data/raw_droh/paper/IMG_6655.JPG,./test/skeleton_final_v2/paper/IMG_6655.npy,Left,./test/skeleton_raw/paper/IMG_6655.npy
paper,IMG_6656,test,./data/raw_droh/paper/IMG_6656.JPG,./test/skeleton_final_v2/paper/IMG_6656.npy,Right,./test/skeleton_raw/paper/IMG_6656.npy
paper,IMG_6708,test,./data/raw_droh/paper/IMG_6708.JPG,./test/skeleton_final_v2/paper/IMG_6708.npy,Left,./test/skeleton_raw/paper/IMG_6708.npy
paper,IMG_6709,test,./data/raw_droh/paper/IMG_6709.JPG,./test/skeleton_final_v2/paper/IMG_6709.npy,Right,./test/skeleton_raw/paper/IMG_6709.npy
paper,IMG_6710,test,./data/raw_droh/paper/IMG_6710.JPG,./test/skeleton_final_v2/paper/IMG_6710.npy,Right,./test/skeleton_raw/paper/IMG_6710.npy
paper,IMG_6732,test,./data/raw_droh/paper/IMG_6732.JPG,./test/skeleton_final_v2/paper/IMG_6732.npy,Right,./test/skeleton_raw/paper/IMG_6732.npy
paper,IMG_6767,test,./data/raw_droh/paper/IMG_6767.JPG,./test/skeleton_final_v2/paper/IMG_6767.npy,Right,./test/skeleton_raw/paper/IMG_6767.npy
paper,IMG_6799,test,./data/raw_droh/paper/IMG_6799.JPG,./test/skeleton_final_v2/paper/IMG_6799.npy,Left,./test/skeleton_raw/paper/IMG_6799.npy
paper,IMG_6830,test,./data/raw_droh/paper/IMG_6830.JPG,./test/skeleton_final_v2/paper/IMG_6830.npy,Right,./test/skeleton_raw/paper/IMG_6830.npy
paper,IMG_6861,test,./data/raw_droh/paper/IMG_6861.JPG,./test/skeleton_final_v2/paper/IMG_6861.npy,Left,./test/skeleton_raw/paper/IMG_6861.npy
paper,IMG_6862,test,./data/raw_droh/paper/IMG_6862.JPG,./test/skeleton_final_v2/paper/IMG_6862.npy,Left,./test/skeleton_raw/paper/IMG_6862.npy
paper,IMG_6864,test,./data/raw_droh/paper/IMG_6864.JPG,./test/skeleton_final_v2/paper/IMG_6864.npy,Left,./test/skeleton_raw/paper/IMG_6864.npy
paper,IMG_6865,test,./data/raw_droh/paper/IMG_6865.JPG,./test/skeleton_final_v2/paper/IMG_6865.npy,Left,./test/skeleton_raw/paper/IMG_6865.npy
paper,IMG_6909,test,./data/raw_droh/paper/IMG_6909.JPG,./test/skeleton_final_v2/paper/IMG_6909.npy,Left,./test/skeleton_raw/paper/IMG_6909.npy
paper,IMG_6910,test,./data/raw_droh/paper/IMG_6910.JPG,./test/skeleton_final_v2/paper/IMG_6910.npy,Left,./test/skeleton_raw/paper/IMG_6910.npy
paper,IMG_6911,test,./data/raw_droh/paper/IMG_6911.JPG,./test/skeleton_final_v2/paper/IMG_6911.npy,Left,./test/skeleton_raw/paper/IMG_6911.npy
paper,IMG_6913,test,./data/raw_droh/paper/IMG_6913.JPG,./test/skeleton_final_v2/paper/IMG_6913.npy,Left,./test/skeleton_raw/paper/IMG_6913.npy
paper,IMG_6934,test,./data/raw_droh/paper/IMG_6934.JPG,./test/skeleton_final_v2/paper/IMG_6934.npy,Left,./test/skeleton_raw/paper/IMG_6934.npy
paper,IMG_6935,test,./data/raw_droh/paper/IMG_6935.JPG,./test/skeleton_final_v2/paper/IMG_6935.npy,Left,./test/skeleton_raw/paper/IMG_6935.npy
paper,IMG_6963,test,./data/raw_droh/paper/IMG_6963.JPG,./test/skeleton_final_v2/paper/IMG_6963.npy,Left,./test/skeleton_raw/paper/IMG_6963.npy
paper,IMG_6964,test,./data/raw_droh/paper/IMG_6964.JPG,./test/skeleton_final_v2/paper/IMG_6964.npy,Left,./test/skeleton_raw/paper/IMG_6964.npy
paper,IMG_6965,test,./data/raw_droh/paper/IMG_6965.JPG,./test/skeleton_final_v2/paper/IMG_6965.npy,Left,./test/skeleton_raw/paper/IMG_6965.npy
paper,IMG_6994,test,./data/raw_droh/paper/IMG_6994.JPG,./test/skeleton_final_v2/paper/IMG_6994.npy,Left,./test/skeleton_raw/paper/IMG_6994.npy
paper,IMG_6995,test,./data/raw_droh/paper/IMG_6995.JPG,./test/skeleton_final_v2/paper/IMG_6995.npy,Right,./test/skeleton_raw/paper/IMG_6995.npy
paper,IMG_6996,test,./data/raw_droh/paper/IMG_6996.JPG,./test/skeleton_final_v2/paper/IMG_6996.npy,Left,./test/skeleton_raw/paper/IMG_6996.npy
paper,IMG_7033,test,./data/raw_droh/paper/IMG_7033.JPG,./test/skeleton_final_v2/paper/IMG_7033.npy,Right,./test/skeleton_raw/paper/IMG_7033.npy
paper,IMG_7064,test,./data/raw_droh/paper/IMG_7064.JPG,./test/skeleton_final_v2/paper/IMG_7064.npy,Right,./test/skeleton_raw/paper/IMG_7064.npy
paper,IMG_7065,test,./data/raw_droh/paper/IMG_7065.JPG,./test/skeleton_final_v2/paper/IMG_7065.npy,Right,./test/skeleton_raw/paper/IMG_7065.npy
paper,IMG_7067,test,./data/raw_droh/paper/IMG_7067.JPG,./test/skeleton_final_v2/paper/IMG_7067.npy,Right,./test/skeleton_raw/paper/IMG_7067.npy
paper,IMG_7068,test,./data/raw_droh/paper/IMG_7068.JPG,./test/skeleton_final_v2/paper/IMG_7068.npy,Right,./test/skeleton_raw/paper/IMG_7068.npy
paper,IMG_7222,test,./data/raw_droh/paper/IMG_7222.JPG,./test/skeleton_final_v2/paper/IMG_7222.npy,Left,./test/skeleton_raw/paper/IMG_7222.npy
paper,IMG_7223,test,./data/raw_droh/paper/IMG_7223.JPG,./test/skeleton_final_v2/paper/IMG_7223.npy,Left,./test/skeleton_raw/paper/IMG_7223.npy
paper,IMG_7224,test,./data/raw_droh/paper/IMG_7224.JPG,./test/skeleton_final_v2/paper/IMG_7224.npy,Left,./test/skeleton_raw/paper/IMG_7224.npy
paper,IMG_7254,test,./data/raw_droh/paper/IMG_7254.JPG,./test/skeleton_final_v2/paper/IMG_7254.npy,Left,./test/skeleton_raw/paper/IMG_7254.npy
paper,IMG_7285,test,./data/raw_droh/paper/IMG_7285.JPG,./test/skeleton_final_v2/paper/IMG_7285.npy,Left,./test/skeleton_raw/paper/IMG_7285.npy
paper,IMG_7286,test,./data/raw_droh/paper/IMG_7286.JPG,./test/skeleton_final_v2/paper/IMG_7286.npy,Left,./test/skeleton_raw/paper/IMG_7286.npy
paper,IMG_7316,test,./data/raw_droh/paper/IMG_7316.JPG,./test/skeleton_final_v2/paper/IMG_7316.npy,Left,./test/skeleton_raw/paper/IMG_7316.npy
paper,IMG_7317,test,./data/raw_droh/paper/IMG_7317.JPG,./test/skeleton_final_v2/paper/IMG_7317.npy,Left,./test/skeleton_raw/paper/IMG_7317.npy
paper,IMG_7345,test,./data/raw_droh/paper/IMG_7345.JPG,./test/skeleton_final_v2/paper/IMG_7345.npy,Left,./test/skeleton_raw/paper/IMG_7345.npy
paper,IMG_7347,test,./data/raw_droh/paper/IMG_7347.JPG,./test/skeleton_final_v2/paper/IMG_7347.npy,Left,./test/skeleton_raw/paper/IMG_7347.npy
paper,IMG_7349,test,./data/raw_droh/paper/IMG_7349.JPG,./test/skeleton_final_v2/paper/IMG_7349.npy,Left,./test/skeleton_raw/paper/IMG_7349.npy
paper,IMG_7382,test,./data/raw_droh/paper/IMG_7382.JPG,./test/skeleton_final_v2/paper/IMG_7382.npy,Right,./test/skeleton_raw/paper/IMG_7382.npy
paper,IMG_7414,test,./data/raw_droh/paper/IMG_7414.JPG,./test/skeleton_final_v2/paper/IMG_7414.npy,Right,./test/skeleton_raw/paper/IMG_7414.npy
paper,IMG_7443,test,./data/raw_droh/paper/IMG_7443.JPG,./test/skeleton_final_v2/paper/IMG_7443.npy,Left,./test/skeleton_raw/paper/IMG_7443.npy
paper,IMG_7446,test,./data/raw_droh/paper/IMG_7446.JPG,./test/skeleton_final_v2/paper/IMG_7446.npy,Left,./test/skeleton_raw/paper/IMG_7446.npy
paper,IMG_7447,test,./data/raw_droh/paper/IMG_7447.JPG,./test/skeleton_final_v2/paper/IMG_7447.npy,Left,./test/skeleton_raw/paper/IMG_7447.npy
paper,IMG_7476,test,./data/raw_droh/paper/IMG_7476.JPG,./test/skeleton_final_v2/paper/IMG_7476.npy,Right,./test/skeleton_raw/paper/IMG_7476.npy
paper,IMG_7477,test,./data/raw_droh/paper/IMG_7477.JPG,./test/skeleton_final_v2/paper/IMG_7477.npy,Right,./test/skeleton_raw/paper/IMG_7477.npy
paper,IMG_7513,test,./data/raw_droh/paper/IMG_7513.JPG,./test/skeleton_final_v2/paper/IMG_7513.npy,Right,./test/skeleton_raw/paper/IMG_7513.npy
paper,IMG_7515,test,./data/raw_droh/paper/IMG_7515.JPG,./test/skeleton_final_v2/paper/IMG_7515.npy,Left,./test/skeleton_raw/paper/IMG_7515.npy
paper,IMG_7545,test,./data/raw_droh/paper/IMG_7545.JPG,./test/skeleton_final_v2/paper/IMG_7545.npy,Left,./test/skeleton_raw/paper/IMG_7545.npy
paper,IMG_7578,test,./data/raw_droh/paper/IMG_7578.JPG,./test/skeleton_final_v2/paper/IMG_7578.npy,Left,./test/skeleton_raw/paper/IMG_7578.npy
paper,IMG_7579,test,./data/raw_droh/paper/IMG_7579.JPG,./test/skeleton_final_v2/paper/IMG_7579.npy,Left,./test/skeleton_raw/paper/IMG_7579.npy
paper,IMG_7609,test,./data/raw_droh/paper/IMG_7609.JPG,./test/skeleton_final_v2/paper/IMG_7609.npy,Left,./test/skeleton_raw/paper/IMG_7609.npy
paper,IMG_7610,test,./data/raw_droh/paper/IMG_7610.JPG,./test/skeleton_final_v2/paper/IMG_7610.npy,Right,./test/skeleton_raw/paper/IMG_7610.npy
paper,IMG_7611,test,./data/raw_droh/paper/IMG_7611.JPG,./test/skeleton_final_v2/paper/IMG_7611.npy,Left,./test/skeleton_raw/paper/IMG_7611.npy
paper,IMG_7652,test,./data/raw_droh/paper/IMG_7652.JPG,./test/skeleton_final_v2/paper/IMG_7652.npy,Left,./test/skeleton_raw/paper/IMG_7652.npy
paper,IMG_7653,test,./data/raw_droh/paper/IMG_7653.JPG,./test/skeleton_final_v2/paper/IMG_7653.npy,Left,./test/skeleton_raw/paper/IMG_7653.npy
paper,IMG_7717,test,./data/raw_droh/paper/IMG_7717.JPG,./test/skeleton_final_v2/paper/IMG_7717.npy,Right,./test/skeleton_raw/paper/IMG_7717.npy
paper,IMG_7718,test,./data/raw_droh/paper/IMG_7718.JPG,./test/skeleton_final_v2/paper/IMG_7718.npy,Right,./test/skeleton_raw/paper/IMG_7718.npy
paper,IMG_7719,test,./data/raw_droh/paper/IMG_7719.JPG,./test/skeleton_final_v2/paper/IMG_7719.npy,Right,./test/skeleton_raw/paper/IMG_7719.npy
paper,IMG_7720,test,./data/raw_droh/paper/IMG_7720.JPG,./test/skeleton_final_v2/paper/IMG_7720.npy,Left,./test/skeleton_raw/paper/IMG_7720.npy
paper,IMG_7750,test,./data/raw_droh/paper/IMG_7750.JPG,./test/skeleton_final_v2/paper/IMG_7750.npy,Left,./test/skeleton_raw/paper/IMG_7750.npy
paper,IMG_7778,test,./data/raw_droh/paper/IMG_7778.JPG,./test/skeleton_final_v2/paper/IMG_7778.npy,Left,./test/skeleton_raw/paper/IMG_7778.npy
paper,IMG_7781,test,./data/raw_droh/paper/IMG_7781.JPG,./test/skeleton_final_v2/paper/IMG_7781.npy,Left,./test/skeleton_raw/paper/IMG_7781.npy
paper,IMG_7850,test,./data/raw_droh/paper/IMG_7850.JPG,./test/skeleton_final_v2/paper/IMG_7850.npy,Left,./test/skeleton_raw/paper/IMG_7850.npy
paper,IMG_7882,test,./data/raw_droh/paper/IMG_7882.JPG,./test/skeleton_final_v2/paper/IMG_7882.npy,Left,./test/skeleton_raw/paper/IMG_7882.npy
paper,IMG_7883,test,./data/raw_droh/paper/IMG_7883.JPG,./test/skeleton_final_v2/paper/IMG_7883.npy,Left,./test/skeleton_raw/paper/IMG_7883.npy
paper,IMG_7884,test,./data/raw_droh/paper/IMG_7884.JPG,./test/skeleton_final_v2/paper/IMG_7884.npy,Left,./test/skeleton_raw/paper/IMG_7884.npy
paper,IMG_7885,test,./data/raw_droh/paper/IMG_7885.JPG,./test/skeleton_final_v2/paper/IMG_7885.npy,Left,./test/skeleton_raw/paper/IMG_7885.npy
paper,IMG_7946,test,./data/raw_droh/paper/IMG_7946.JPG,./test/skeleton_final_v2/paper/IMG_7946.npy,Left,./test/skeleton_raw/paper/IMG_7946.npy
paper,IMG_7947,test,./data/raw_droh/paper/IMG_7947.JPG,./test/skeleton_final_v2/paper/IMG_7947.npy,Left,./test/skeleton_raw/paper/IMG_7947.npy
paper,IMG_7977,test,./data/raw_droh/paper/IMG_7977.JPG,./test/skeleton_final_v2/paper/IMG_7977.npy,Right,./test/skeleton_raw/paper/IMG_7977.npy
paper,IMG_7979,test,./data/raw_droh/paper/IMG_7979.JPG,./test/skeleton_final_v2/paper/IMG_7979.npy,Right,./test/skeleton_raw/paper/IMG_7979.npy
paper,IMG_8042,test,./data/raw_droh/paper/IMG_8042.JPG,./test/skeleton_final_v2/paper/IMG_8042.npy,Left,./test/skeleton_raw/paper/IMG_8042.npy
paper,IMG_8043,test,./data/raw_droh/paper/IMG_8043.JPG,./test/skeleton_final_v2/paper/IMG_8043.npy,Left,./test/skeleton_raw/paper/IMG_8043.npy
paper,IMG_8044,test,./data/raw_droh/paper/IMG_8044.JPG,./test/skeleton_final_v2/paper/IMG_8044.npy,Left,./test/skeleton_raw/paper/IMG_8044.npy
paper,IMG_8073,test,./data/raw_droh/paper/IMG_8073.JPG,./test/skeleton_final_v2/paper/IMG_8073.npy,Left,./test/skeleton_raw/paper/IMG_8073.npy
paper,IMG_8075,test,./data/raw_droh/paper/IMG_8075.JPG,./test/skeleton_final_v2/paper/IMG_8075.npy,Left,./test/skeleton_raw/paper/IMG_8075.npy
paper,IMG_8105,test,./data/raw_droh/paper/IMG_8105.JPG,./test/skeleton_final_v2/paper/IMG_8105.npy,Left,./test/skeleton_raw/paper/IMG_8105.npy
paper,IMG_8106,test,./data/raw_droh/paper/IMG_8106.JPG,./test/skeleton_final_v2/paper/IMG_8106.npy,Left,./test/skeleton_raw/paper/IMG_8106.npy
paper,IMG_8139,test,./data/raw_droh/paper/IMG_8139.JPG,./test/skeleton_final_v2/paper/IMG_8139.npy,Right,./test/skeleton_raw/paper/IMG_8139.npy
paper,IMG_8174,test,./data/raw_droh/paper/IMG_8174.JPG,./test/skeleton_final_v2/paper/IMG_8174.npy,Left,./test/skeleton_raw/paper/IMG_8174.npy
rock,IMG_6254,test,./data/raw_droh/rock/IMG_6254.JPG,./test/skeleton_final_v2/rock/IMG_6254.npy,Left,./test/skeleton_raw/rock/IMG_6254.npy
rock,IMG_6265,test,./data/raw_droh/rock/IMG_6265.JPG,./test/skeleton_final_v2/rock/IMG_6265.npy,Left,./test/skeleton_raw/rock/IMG_6265.npy
rock,IMG_6266,test,./data/raw_droh/rock/IMG_6266.JPG,./test/skeleton_final_v2/rock/IMG_6266.npy,Left,./test/skeleton_raw/rock/IMG_6266.npy
rock,IMG_6267,test,./data/raw_droh/rock/IMG_6267.JPG,./test/skeleton_final_v2/rock/IMG_6267.npy,Left,./test/skeleton_raw/rock/IMG_6267.npy
rock,IMG_6271,test,./data/raw_droh/rock/IMG_6271.JPG,./test/skeleton_final_v2/rock/IMG_6271.npy,Left,./test/skeleton_raw/rock/IMG_6271.npy
rock,IMG_6272,test,./data/raw_droh/rock/IMG_6272.JPG,./test/skeleton_final_v2/rock/IMG_6272.npy,Left,./test/skeleton_raw/rock/IMG_6272.npy
rock,IMG_6318,test,./data/raw_droh/rock/IMG_6318.JPG,./test/skeleton_final_v2/rock/IMG_6318.npy,Left,./test/skeleton_raw/rock/IMG_6318.npy
rock,IMG_6321,test,./data/raw_droh/rock/IMG_6321.JPG,./test/skeleton_final_v2/rock/IMG_6321.npy,Left,./test/skeleton_raw/rock/IMG_6321.npy
rock,IMG_6345,test,./data/raw_droh/rock/IMG_6345.JPG,./test/skeleton_final_v2/rock/IMG_6345.npy,Left,./test/skeleton_raw/rock/IMG_6345.npy
rock,IMG_6346,test,./data/raw_droh/rock/IMG_6346.JPG,./test/skeleton_final_v2/rock/IMG_6346.npy,Left,./test/skeleton_raw/rock/IMG_6346.npy
rock,IMG_6348,test,./data/raw_droh/rock/IMG_6348.JPG,./test/skeleton_final_v2/rock/IMG_6348.npy,Left,./test/skeleton_raw/rock/IMG_6348.npy
rock,IMG_6349,test,./data/raw_droh/rock/IMG_6349.JPG,./test/skeleton_final_v2/rock/IMG_6349.npy,Left,./test/skeleton_raw/rock/IMG_6349.npy
rock,IMG_6384,test,./data/raw_droh/rock/IMG_6384.JPG,./test/skeleton_final_v2/rock/IMG_6384.npy,Left,./test/skeleton_raw/rock/IMG_6384.npy
rock,IMG_6385,test,./data/raw_droh/rock/IMG_6385.JPG,./test/skeleton_final_v2/rock/IMG_6385.npy,Left,./test/skeleton_raw/rock/IMG_6385.npy
rock,IMG_6417,test,./data/raw_droh/rock/IMG_6417.JPG,./test/skeleton_final_v2/rock/IMG_6417.npy,Left,./test/skeleton_raw/rock/IMG_6417.npy
rock,IMG_6418,test,./data/raw_droh/rock/IMG_6418.JPG,./test/skeleton_final_v2/rock/IMG_6418.npy,Left,./test/skeleton_raw/rock/IMG_6418.npy
rock,IMG_6420,test,./data/raw_droh/rock/IMG_6420.JPG,./test/skeleton_final_v2/rock/IMG_6420.npy,Left,./test/skeleton_raw/rock/IMG_6420.npy
rock,IMG_6460,test,./data/raw_droh/rock/IMG_6460.JPG,./test/skeleton_final_v2/rock/IMG_6460.npy,Right,./test/skeleton_raw/rock/IMG_6460.npy
rock,IMG_6499,test,./data/raw_droh/rock/IMG_6499.JPG,./test/skeleton_final_v2/rock/IMG_6499.npy,Left,./test/skeleton_raw/rock/IMG_6499.npy
rock,IMG_6500,test,./data/raw_droh/rock/IMG_6500.JPG,./test/skeleton_final_v2/rock/IMG_6500.npy,Left,./test/skeleton_raw/rock/IMG_6500.npy
rock,IMG_6502,test,./data/raw_droh/rock/IMG_6502.JPG,./test/skeleton_final_v2/rock/IMG_6502.npy,Left,./test/skeleton_raw/rock/IMG_6502.npy
rock,IMG_6503,test,./data/raw_droh/rock/IMG_6503.JPG,./test/skeleton_final_v2/rock/IMG_6503.npy,Left,./test/skeleton_raw/rock/IMG_6503.npy
rock,IMG_6541,test,./data/raw_droh/rock/IMG_6541.JPG,./test/skeleton_final_v2/rock/IMG_6541.npy,Left,./test/skeleton_raw/rock/IMG_6541.npy
rock,IMG_6543,test,./data/raw_droh/rock/IMG_6543.JPG,./test/skeleton_final_v2/rock/IMG_6543.npy,Left,./test/skeleton_raw/rock/IMG_6543.npy
rock,IMG_6574,test,./data/raw_droh/rock/IMG_6574.JPG,./test/skeleton_final_v2/rock/IMG_6574.npy,Left,./test/skeleton_raw/rock/IMG_6574.npy
rock,IMG_6575,test,./data/raw_droh/rock/IMG_6575.JPG,./test/skeleton_final_v2/rock/IMG_6575.npy,Left,./test/skeleton_raw/rock/IMG_6575.npy
rock,IMG_6611,test,./data/raw_droh/rock/IMG_6611.JPG,./test/skeleton_final_v2/rock/IMG_6611.npy,Left,./test/skeleton_raw/rock/IMG_6611.npy
rock,IMG_6641,test,./data/raw_droh/rock/IMG_6641.JPG,./test/skeleton_final_v2/rock/IMG_6641.npy,Left,./test/skeleton_raw/rock/IMG_6641.npy
rock,IMG_6700,test,./data/raw_droh/rock/IMG_6700.JPG,./test/skeleton_final_v2/rock/IMG_6700.npy,Left,./test/skeleton_raw/rock/IMG_6700.npy
rock,IMG_6701,test,./data/raw_droh/rock/IMG_6701.JPG,./test/skeleton_final_v2/rock/IMG_6701.npy,Left,./test/skeleton_raw/rock/IMG_6701.npy
rock,IMG_6720,test,./data/raw_droh/rock/IMG_6720.JPG,./test/skeleton_final_v2/rock/IMG_6720.npy,Right,./test/skeleton_raw/rock/IMG_6720.npy
rock,IMG_6723,test,./data/raw_droh/rock/IMG_6723.JPG,./test/skeleton_final_v2/rock/IMG_6723.npy,Right,./test/skeleton_raw/rock/IMG_6723.npy
rock,IMG_6765,test,./data/raw_droh/rock/IMG_6765.JPG,./test/skeleton_final_v2/rock/IMG_6765.npy,Right,./test/skeleton_raw/rock/IMG_6765.npy
rock,IMG_6793,test,./data/raw_droh/rock/IMG_6793.JPG,./test/skeleton_final_v2/rock/IMG_6793.npy,Left,./test/skeleton_raw/rock/IMG_6793.npy
rock,IMG_6794,test,./data/raw_droh/rock/IMG_6794.JPG,./test/skeleton_final_v2/rock/IMG_6794.npy,Left,./test/skeleton_raw/rock/IMG_6794.npy
rock,IMG_6796,test,./data/raw_droh/rock/IMG_6796.JPG,./test/skeleton_final_v2/rock/IMG_6796.npy,Left,./test/skeleton_raw/rock/IMG_6796.npy
rock,IMG_6821,test,./data/raw_droh/rock/IMG_6821.JPG,./test/skeleton_final_v2/rock/IMG_6821.npy,Right,./test/skeleton_raw/rock/IMG_6821.npy
rock,IMG_6822,test,./data/raw_droh/rock/IMG_6822.JPG,./test/skeleton_final_v2/rock/IMG_6822.npy,Right,./test/skeleton_raw/rock/IMG_6822.npy
rock,IMG_6824,test,./data/raw_droh/rock/IMG_6824.JPG,./test/skeleton_final_v2/rock/IMG_6824.npy,Right,./test/skeleton_raw/rock/IMG_6824.npy
rock,IMG_6851,test,./data/raw_droh/rock/IMG_6851.JPG,./test/skeleton_final_v2/rock/IMG_6851.npy,Left,./test/skeleton_raw/rock/IMG_6851.npy
rock,IMG_6853,test,./data/raw_droh/rock/IMG_6853.JPG,./test/skeleton_final_v2/rock/IMG_6853.npy,Left,./test/skeleton_raw/rock/IMG_6853.npy
rock,IMG_6855,test,./data/raw_droh/rock/IMG_6855.JPG,./test/skeleton_final_v2/rock/IMG_6855.npy,Left,./test/skeleton_raw/rock/IMG_6855.npy
rock,IMG_6900,test,./data/raw_droh/rock/IMG_6900.JPG,./test/skeleton_final_v2/rock/IMG_6900.npy,Left,./test/skeleton_raw/rock/IMG_6900.npy
rock,IMG_6902,test,./data/raw_droh/rock/IMG_6902.JPG,./test/skeleton_final_v2/rock/IMG_6902.npy,Left,./test/skeleton_raw/rock/IMG_6902.npy
rock,IMG_6904,test,./data/raw_droh/rock/IMG_6904.JPG,./test/skeleton_final_v2/rock/IMG_6904.npy,Left,./test/skeleton_raw/rock/IMG_6904.npy
rock,IMG_6924,test,./data/raw_droh/rock/IMG_6924.JPG,./test/skeleton_final_v2/rock/IMG_6924.npy,Left,./test/skeleton_raw/rock/IMG_6924.npy
rock,IMG_6925,test,./data/raw_droh/rock/IMG_6925.JPG,./test/skeleton_final_v2/rock/IMG_6925.npy,Left,./test/skeleton_raw/rock/IMG_6925.npy
rock,IMG_6927,test,./data/raw_droh/rock/IMG_6927.JPG,./test/skeleton_final_v2/rock/IMG_6927.npy,Left,./test/skeleton_raw/rock/IMG_6927.npy
rock,IMG_6954,test,./data/raw_droh/rock/IMG_6954.JPG,./test/skeleton_final_v2/rock/IMG_6954.npy,Left,./test/skeleton_raw/rock/IMG_6954.npy
rock,IMG_6955,test,./data/raw_droh/rock/IMG_6955.JPG,./test/skeleton_final_v2/rock/IMG_6955.npy,Left,./test/skeleton_raw/rock/IMG_6955.npy
rock,IMG_6984,test,./data/raw_droh/rock/IMG_6984.JPG,./test/skeleton_final_v2/rock/IMG_6984.npy,Left,./test/skeleton_raw/rock/IMG_6984.npy
rock,IMG_6987,test,./data/raw_droh/rock/IMG_6987.JPG,./test/skeleton_final_v2/rock/IMG_6987.npy,Left,./test/skeleton_raw/rock/IMG_6987.npy
rock,IMG_7019,test,./data/raw_droh/rock/IMG_7019.JPG,./test/skeleton_final_v2/rock/IMG_7019.npy,Left,./test/skeleton_raw/rock/IMG_7019.npy
rock,IMG_7023,test,./data/raw_droh/rock/IMG_7023.JPG,./test/skeleton_final_v2/rock/IMG_7023.npy,Left,./test/skeleton_raw/rock/IMG_7023.npy
rock,IMG_7054,test,./data/raw_droh/rock/IMG_7054.JPG,./test/skeleton_final_v2/rock/IMG_7054.npy,Right,./test/skeleton_raw/rock/IMG_7054.npy
rock,IMG_7212,test,./data/raw_droh/rock/IMG_7212.JPG,./test/skeleton_final_v2/rock/IMG_7212.npy,Left,./test/skeleton_raw/rock/IMG_7212.npy
rock,IMG_7213,test,./data/raw_droh/rock/IMG_7213.JPG,./test/skeleton_final_v2/rock/IMG_7213.npy,Left,./test/skeleton_raw/rock/IMG_7213.npy
rock,IMG_7214,test,./data/raw_droh/rock/IMG_7214.JPG,./test/skeleton_final_v2/rock/IMG_7214.npy,Left,./test/skeleton_raw/rock/IMG_7214.npy
rock,IMG_7244,test,./data/raw_droh/rock/IMG_7244.JPG,./test/skeleton_final_v2/rock/IMG_7244.npy,Left,./test/skeleton_raw/rock/IMG_7244.npy
rock,IMG_7245,test,./data/raw_droh/rock/IMG_7245.JPG,./test/skeleton_final_v2/rock/IMG_7245.npy,Left,./test/skeleton_raw/rock/IMG_7245.npy
rock,IMG_7279,test,./data/raw_droh/rock/IMG_7279.JPG,./test/skeleton_final_v2/rock/IMG_7279.npy,Left,./test/skeleton_raw/rock/IMG_7279.npy
rock,IMG_7305,test,./data/raw_droh/rock/IMG_7305.JPG,./test/skeleton_final_v2/rock/IMG_7305.npy,Left,./test/skeleton_raw/rock/IMG_7305.npy
rock,IMG_7307,test,./data/raw_droh/rock/IMG_7307.JPG,./test/skeleton_final_v2/rock/IMG_7307.npy,Left,./test/skeleton_raw/rock/IMG_7307.npy
rock,IMG_7308,test,./data/raw_droh/rock/IMG_7308.JPG,./test/skeleton_final_v2/rock/IMG_7308.npy,Left,./test/skeleton_raw/rock/IMG_7308.npy
rock,IMG_7309,test,./data/raw_droh/rock/IMG_7309.JPG,./test/skeleton_final_v2/rock/IMG_7309.npy,Left,./test/skeleton_raw/rock/IMG_7309.npy
rock,IMG_7337,test,./data/raw_droh/rock/IMG_7337.JPG,./test/skeleton_final_v2/rock/IMG_7337.npy,Left,./test/skeleton_raw/rock/IMG_7337.npy
rock,IMG_7338,test,./data/raw_droh/rock/IMG_7338.JPG,./test/skeleton_final_v2/rock/IMG_7338.npy,Left,./test/skeleton_raw/rock/IMG_7338.npy
rock,IMG_7340,test,./data/raw_droh/rock/IMG_7340.JPG,./test/skeleton_final_v2/rock/IMG_7340.npy,Left,./test/skeleton_raw/rock/IMG_7340.npy
rock,IMG_7370,test,./data/raw_droh/rock/IMG_7370.JPG,./test/skeleton_final_v2/rock/IMG_7370.npy,Right,./test/skeleton_raw/rock/IMG_7370.npy
rock,IMG_7371,test,./data/raw_droh/rock/IMG_7371.JPG,./test/skeleton_final_v2/rock/IMG_7371.npy,Right,./test/skeleton_raw/rock/IMG_7371.npy
rock,IMG_7373,test,./data/raw_droh/rock/IMG_7373.JPG,./test/skeleton_final_v2/rock/IMG_7373.npy,Right,./test/skeleton_raw/rock/IMG_7373.npy
rock,IMG_7402,test,./data/raw_droh/rock/IMG_7402.JPG,./test/skeleton_final_v2/rock/IMG_7402.npy,Right,./test/skeleton_raw/rock/IMG_7402.npy
rock,IMG_7404,test,./data/raw_droh/rock/IMG_7404.JPG,./test/skeleton_final_v2/rock/IMG_7404.npy,Right,./test/skeleton_raw/rock/IMG_7404.npy
rock,IMG_7433,test,./data/raw_droh/rock/IMG_7433.JPG,./test/skeleton_final_v2/rock/IMG_7433.npy,Left,./test/skeleton_raw/rock/IMG_7433.npy
rock,IMG_7436,test,./data/raw_droh/rock/IMG_7436.JPG,./test/skeleton_final_v2/rock/IMG_7436.npy,Left,./test/skeleton_raw/rock/IMG_7436.npy
rock,IMG_7470,test,./data/raw_droh/rock/IMG_7470.JPG,./test/skeleton_final_v2/rock/IMG_7470.npy,Right,./test/skeleton_raw/rock/IMG_7470.npy
rock,IMG_7502,test,./data/raw_droh/rock/IMG_7502.JPG,./test/skeleton_final_v2/rock/IMG_7502.npy,Right,./test/skeleton_raw/rock/IMG_7502.npy
rock,IMG_7503,test,./data/raw_droh/rock/IMG_7503.JPG,./test/skeleton_final_v2/rock/IMG_7503.npy,Right,./test/skeleton_raw/rock/IMG_7503.npy
rock,IMG_7506,test,./data/raw_droh/rock/IMG_7506.JPG,./test/skeleton_final_v2/rock/IMG_7506.npy,Right,./test/skeleton_raw/rock/IMG_7506.npy
rock,IMG_7539,test,./data/raw_droh/rock/IMG_7539.JPG,./test/skeleton_final_v2/rock/IMG_7539.npy,Left,./test/skeleton_raw/rock/IMG_7539.npy
rock,IMG_7568,test,./data/raw_droh/rock/IMG_7568.JPG,./test/skeleton_final_v2/rock/IMG_7568.npy,Left,./test/skeleton_raw/rock/IMG_7568.npy
rock,IMG_7571,test,./data/raw_droh/rock/IMG_7571.JPG,./test/skeleton_final_v2/rock/IMG_7571.npy,Left,./test/skeleton_raw/rock/IMG_7571.npy
rock,IMG_7603,test,./data/raw_droh/rock/IMG_7603.JPG,./test/skeleton_final_v2/rock/IMG_7603.npy,Left,./test/skeleton_raw/rock/IMG_7603.npy
rock,IMG_7635,test,./data/raw_droh/rock/IMG_7635.JPG,./test/skeleton_final_v2/rock/IMG_7635.npy,Left,./test/skeleton_raw/rock/IMG_7635.npy
rock,IMG_7636,test,./data/raw_droh/rock/IMG_7636.JPG,./test/skeleton_final_v2/rock/IMG_7636.npy,Right,./test/skeleton_raw/rock/IMG_7636.npy
rock,IMG_7637,test,./data/raw_droh/rock/IMG_7637.JPG,./test/skeleton_final_v2/rock/IMG_7637.npy,Right,./test/skeleton_raw/rock/IMG_7637.npy
rock,IMG_7638,test,./data/raw_droh/rock/IMG_7638.JPG,./test/skeleton_final_v2/rock/IMG_7638.npy,Right,./test/skeleton_raw/rock/IMG_7638.npy
rock,IMG_7639,test,./data/raw_droh/rock/IMG_7639.JPG,./test/skeleton_final_v2/rock/IMG_7639.npy,Right,./test/skeleton_raw/rock/IMG_7639.npy
rock,IMG_7680,test,./data/raw_droh/rock/IMG_7680.JPG,./test/skeleton_final_v2/rock/IMG_7680.npy,Right,./test/skeleton_raw/rock/IMG_7680.npy
rock,IMG_7716,test,./data/raw_droh/rock/IMG_7716.JPG,./test/skeleton_final_v2/rock/IMG_7716.npy,Right,./test/skeleton_raw/rock/IMG_7716.npy
rock,IMG_7741,test,./data/raw_droh/rock/IMG_7741.JPG,./test/skeleton_final_v2/rock/IMG_7741.npy,Left,./test/skeleton_raw/rock/IMG_7741.npy
rock,IMG_7742,test,./data/raw_droh/rock/IMG_7742.JPG,./test/skeleton_final_v2/rock/IMG_7742.npy,Left,./test/skeleton_raw/rock/IMG_7742.npy
rock,IMG_7744,test,./data/raw_droh/rock/IMG_7744.JPG,./test/skeleton_final_v2/rock/IMG_7744.npy,Left,./test/skeleton_raw/rock/IMG_7744.npy
rock,IMG_7772,test,./data/raw_droh/rock/IMG_7772.JPG,./test/skeleton_final_v2/rock/IMG_7772.npy,Left,./test/skeleton_raw/rock/IMG_7772.npy
rock,IMG_7838,test,./data/raw_droh/rock/IMG_7838.JPG,./test/skeleton_final_v2/rock/IMG_7838.npy,Left,./test/skeleton_raw/rock/IMG_7838.npy
rock,IMG_7873,test,./data/raw_droh/rock/IMG_7873.JPG,./test/skeleton_final_v2/rock/IMG_7873.npy,Left,./test/skeleton_raw/rock/IMG_7873.npy
rock,IMG_7875,test,./data/raw_droh/rock/IMG_7875.JPG,./test/skeleton_final_v2/rock/IMG_7875.npy,Left,./test/skeleton_raw/rock/IMG_7875.npy
rock,IMG_7876,test,./data/raw_droh/rock/IMG_7876.JPG,./test/skeleton_final_v2/rock/IMG_7876.npy,Left,./test/skeleton_raw/rock/IMG_7876.npy
rock,IMG_7907,test,./data/raw_droh/rock/IMG_7907.JPG,./test/skeleton_final_v2/rock/IMG_7907.npy,Left,./test/skeleton_raw/rock/IMG_7907.npy
rock,IMG_7937,test,./data/raw_droh/rock/IMG_7937.JPG,./test/skeleton_final_v2/rock/IMG_7937.npy,Left,./test/skeleton_raw/rock/IMG_7937.npy
rock,IMG_7939,test,./data/raw_droh/rock/IMG_7939.JPG,./test/skeleton_final_v2/rock/IMG_7939.npy,Right,./test/skeleton_raw/rock/IMG_7939.npy
rock,IMG_7970,test,./data/raw_droh/rock/IMG_7970.JPG,./test/skeleton_final_v2/rock/IMG_7970.npy,Right,./test/skeleton_raw/rock/IMG_7970.npy
rock,IMG_7971,test,./data/raw_droh/rock/IMG_7971.JPG,./test/skeleton_final_v2/rock/IMG_7971.npy,Right,./test/skeleton_raw/rock/IMG_7971.npy
rock,IMG_8002,test,./data/raw_droh/rock/IMG_8002.JPG,./test/skeleton_final_v2/rock/IMG_8002.npy,Left,./test/skeleton_raw/rock/IMG_8002.npy
rock,IMG_8032,test,./data/raw_droh/rock/IMG_8032.JPG,./test/skeleton_final_v2/rock/IMG_8032.npy,Left,./test/skeleton_raw/rock/IMG_8032.npy
rock,IMG_8065,test,./data/raw_droh/rock/IMG_8065.JPG,./test/skeleton_final_v2/rock/IMG_8065.npy,Left,./test/skeleton_raw/rock/IMG_8065.npy
rock,IMG_8066,test,./data/raw_droh/rock/IMG_8066.JPG,./test/skeleton_final_v2/rock/IMG_8066.npy,Left,./test/skeleton_raw/rock/IMG_8066.npy
rock,IMG_8068,test,./data/raw_droh/rock/IMG_8068.JPG,./test/skeleton_final_v2/rock/IMG_8068.npy,Right,./test/skeleton_raw/rock/IMG_8068.npy
rock,IMG_8100,test,./data/raw_droh/rock/IMG_8100.JPG,./test/skeleton_final_v2/rock/IMG_8100.npy,Left,./test/skeleton_raw/rock/IMG_8100.npy
scissors,IMG_6351,test,./data/raw_droh/scissors/IMG_6351.JPG,./test/skeleton_final_v2/scissors/IMG_6351.npy,Left,./test/skeleton_raw/scissors/IMG_6351.npy
scissors,IMG_6352,test,./data/raw_droh/scissors/IMG_6352.JPG,./test/skeleton_final_v2/scissors/IMG_6352.npy,Left,./test/skeleton_raw/scissors/IMG_6352.npy
scissors,IMG_6386,test,./data/raw_droh/scissors/IMG_6386.JPG,./test/skeleton_final_v2/scissors/IMG_6386.npy,Left,./test/skeleton_raw/scissors/IMG_6386.npy
scissors,IMG_6387,test,./data/raw_droh/scissors/IMG_6387.JPG,./test/skeleton_final_v2/scissors/IMG_6387.npy,Left,./test/skeleton_raw/scissors/IMG_6387.npy
scissors,IMG_6389,test,./data/raw_droh/scissors/IMG_6389.JPG,./test/skeleton_final_v2/scissors/IMG_6389.npy,Left,./test/skeleton_raw/scissors/IMG_6389.npy
scissors,IMG_6390,test,./data/raw_droh/scissors/IMG_6390.JPG,./test/skeleton_final_v2/scissors/IMG_6390.npy,Right,./test/skeleton_raw/scissors/IMG_6390.npy
scissors,IMG_6423,test,./data/raw_droh/scissors/IMG_6423.JPG,./test/skeleton_final_v2/scissors/IMG_6423.npy,Left,./test/skeleton_raw/scissors/IMG_6423.npy
scissors,IMG_6424,test,./data/raw_droh/scissors/IMG_6424.JPG,./test/skeleton_final_v2/scissors/IMG_6424.npy,Left,./test/skeleton_raw/scissors/IMG_6424.npy
scissors,IMG_6425,test,./data/raw_droh/scissors/IMG_6425.JPG,./test/skeleton_final_v2/scissors/IMG_6425.npy,Left,./test/skeleton_raw/scissors/IMG_6425.npy
scissors,IMG_6461,test,./data/raw_droh/scissors/IMG_6461.JPG,./test/skeleton_final_v2/scissors/IMG_6461.npy,Right,./test/skeleton_raw/scissors/IMG_6461.npy
scissors,IMG_6463,test,./data/raw_droh/scissors/IMG_6463.JPG,./test/skeleton_final_v2/scissors/IMG_6463.npy,Right,./test/skeleton_raw/scissors/IMG_6463.npy
scissors,IMG_6577,test,./data/raw_droh/scissors/IMG_6577.JPG,./test/skeleton_final_v2/scissors/IMG_6577.npy,Left,./test/skeleton_raw/scissors/IMG_6577.npy
scissors,IMG_6614,test,./data/raw_droh/scissors/IMG_6614.JPG,./test/skeleton_final_v2/scissors/IMG_6614.npy,Left,./test/skeleton_raw/scissors/IMG_6614.npy
scissors,IMG_6616,test,./data/raw_droh/scissors/IMG_6616.JPG,./test/skeleton_final_v2/scissors/IMG_6616.npy,Left,./test/skeleton_raw/scissors/IMG_6616.npy
scissors,IMG_6730,test,./data/raw_droh/scissors/IMG_6730.JPG,./test/skeleton_final_v2/scissors/IMG_6730.npy,Right,./test/skeleton_raw/scissors/IMG_6730.npy
scissors,IMG_6757,test,./data/raw_droh/scissors/IMG_6757.JPG,./test/skeleton_final_v2/scissors/IMG_6757.npy,Right,./test/skeleton_raw/scissors/IMG_6757.npy
scissors,IMG_6858,test,./data/raw_droh/scissors/IMG_6858.JPG,./test/skeleton_final_v2/scissors/IMG_6858.npy,Left,./test/skeleton_raw/scissors/IMG_6858.npy
scissors,IMG_6859,test,./data/raw_droh/scissors/IMG_6859.JPG,./test/skeleton_final_v2/scissors/IMG_6859.npy,Left,./test/skeleton_raw/scissors/IMG_6859.npy
scissors,IMG_6905,test,./data/raw_droh/scissors/IMG_6905.JPG,./test/skeleton_final_v2/scissors/IMG_6905.npy,Right,./test/skeleton_raw/scissors/IMG_6905.npy
scissors,IMG_6907,test,./data/raw_droh/scissors/IMG_6907.JPG,./test/skeleton_final_v2/scissors/IMG_6907.npy,Left,./test/skeleton_raw/scissors/IMG_6907.npy
scissors,IMG_6908,test,./data/raw_droh/scissors/IMG_6908.JPG,./test/skeleton_final_v2/scissors/IMG_6908.npy,Left,./test/skeleton_raw/scissors/IMG_6908.npy
scissors,IMG_7218,test,./data/raw_droh/scissors/IMG_7218.JPG,./test/skeleton_final_v2/scissors/IMG_7218.npy,Left,./test/skeleton_raw/scissors/IMG_7218.npy
scissors,IMG_7248,test,./data/raw_droh/scissors/IMG_7248.JPG,./test/skeleton_final_v2/scissors/IMG_7248.npy,Left,./test/skeleton_raw/scissors/IMG_7248.npy
scissors,IMG_7310,test,./data/raw_droh/scissors/IMG_7310.JPG,./test/skeleton_final_v2/scissors/IMG_7310.npy,Left,./test/skeleton_raw/scissors/IMG_7310.npy
scissors,IMG_7341,test,./data/raw_droh/scissors/IMG_7341.JPG,./test/skeleton_final_v2/scissors/IMG_7341.npy,Left,./test/skeleton_raw/scissors/IMG_7341.npy
scissors,IMG_7374,test,./data/raw_droh/scissors/IMG_7374.JPG,./test/skeleton_final_v2/scissors/IMG_7374.npy,Right,./test/skeleton_raw/scissors/IMG_7374.npy
scissors,IMG_7376,test,./data/raw_droh/scissors/IMG_7376.JPG,./test/skeleton_final_v2/scissors/IMG_7376.npy,Right,./test/skeleton_raw/scissors/IMG_7376.npy
scissors,IMG_7378,test,./data/raw_droh/scissors/IMG_7378.JPG,./test/skeleton_final_v2/scissors/IMG_7378.npy,Right,./test/skeleton_raw/scissors/IMG_7378.npy
scissors,IMG_7438,test,./data/raw_droh/scissors/IMG_7438.JPG,./test/skeleton_final_v2/scissors/IMG_7438.npy,Left,./test/skeleton_raw/scissors/IMG_7438.npy
scissors,IMG_7441,test,./data/raw_droh/scissors/IMG_7441.JPG,./test/skeleton_final_v2/scissors/IMG_7441.npy,Left,./test/skeleton_raw/scissors/IMG_7441.npy
scissors,IMG_7472,test,./data/raw_droh/scissors/IMG_7472.JPG,./test/skeleton_final_v2/scissors/IMG_7472.npy,Right,./test/skeleton_raw/scissors/IMG_7472.npy
scissors,IMG_7474,test,./data/raw_droh/scissors/IMG_7474.JPG,./test/skeleton_final_v2/scissors/IMG_7474.npy,Right,./test/skeleton_raw/scissors/IMG_7474.npy
scissors,IMG_7575,test,./data/raw_droh/scissors/IMG_7575.JPG,./test/skeleton_final_v2/scissors/IMG_7575.npy,Left,./test/skeleton_raw/scissors/IMG_7575.npy
scissors,IMG_7643,test,./data/raw_droh/scissors/IMG_7643.JPG,./test/skeleton_final_v2/scissors/IMG_7643.npy,Left,./test/skeleton_raw/scissors/IMG_7643.npy
scissors,IMG_7645,test,./data/raw_droh/scissors/IMG_7645.JPG,./test/skeleton_final_v2/scissors/IMG_7645.npy,Left,./test/skeleton_raw/scissors/IMG_7645.npy
scissors,IMG_7648,test,./data/raw_droh/scissors/IMG_7648.JPG,./test/skeleton_final_v2/scissors/IMG_7648.npy,Left,./test/skeleton_raw/scissors/IMG_7648.npy
scissors,IMG_7843,test,./data/raw_droh/scissors/IMG_7843.JPG,./test/skeleton_final_v2/scissors/IMG_7843.npy,Left,./test/skeleton_raw/scissors/IMG_7843.npy
scissors,IMG_7846,test,./data/raw_droh/scissors/IMG_7846.JPG,./test/skeleton_final_v2/scissors/IMG_7846.npy,Left,./test/skeleton_raw/scissors/IMG_7846.npy
scissors,IMG_7847,test,./data/raw_droh/scissors/IMG_7847.JPG,./test/skeleton_final_v2/scissors/IMG_7847.npy,Left,./test/skeleton_raw/scissors/IMG_7847.npy
scissors,IMG_7941,test,./data/raw_droh/scissors/IMG_7941.JPG,./test/skeleton_final_v2/scissors/IMG_7941.npy,Left,./test/skeleton_raw/scissors/IMG_7941.npy
scissors,IMG_7942,test,./data/raw_droh/scissors/IMG_7942.JPG,./test/skeleton_final_v2/scissors/IMG_7942.npy,Left,./test/skeleton_raw/scissors/IMG_7942.npy
scissors,IMG_8135,test,./data/raw_droh/scissors/IMG_8135.JPG,./test/skeleton_final_v2/scissors/IMG_8135.npy,Right,./test/skeleton_raw/scissors/IMG_8135.npy
the-finger,IMG_6304,test,./data/raw_droh/the-finger/IMG_6304.JPG,./test/skeleton_final_v2/the-finger/IMG_6304.npy,Left,./test/skeleton_raw/the-finger/IMG_6304.npy
the-finger,IMG_6308,test,./data/raw_droh/the-finger/IMG_6308.JPG,./test/skeleton_final_v2/the-finger/IMG_6308.npy,Left,./test/skeleton_raw/the-finger/IMG_6308.npy
the-finger,IMG_6309,test,./data/raw_droh/the-finger/IMG_6309.JPG,./test/skeleton_final_v2/the-finger/IMG_6309.npy,Left,./test/skeleton_raw/the-finger/IMG_6309.npy
the-finger,IMG_6341,test,./data/raw_droh/the-finger/IMG_6341.JPG,./test/skeleton_final_v2/the-finger/IMG_6341.npy,Left,./test/skeleton_raw/the-finger/IMG_6341.npy
the-finger,IMG_6343,test,./data/raw_droh/the-finger/IMG_6343.JPG,./test/skeleton_final_v2/the-finger/IMG_6343.npy,Left,./test/skeleton_raw/the-finger/IMG_6343.npy
the-finger,IMG_6344,test,./data/raw_droh/the-finger/IMG_6344.JPG,./test/skeleton_final_v2/the-finger/IMG_6344.npy,Left,./test/skeleton_raw/the-finger/IMG_6344.npy
the-finger,IMG_6379,test,./data/raw_droh/the-finger/IMG_6379.JPG,./test/skeleton_final_v2/the-finger/IMG_6379.npy,Left,./test/skeleton_raw/the-finger/IMG_6379.npy
the-finger,IMG_6411,test,./data/raw_droh/the-finger/IMG_6411.JPG,./test/skeleton_final_v2/the-finger/IMG_6411.npy,Left,./test/skeleton_raw/the-finger/IMG_6411.npy
the-finger,IMG_6412,test,./data/raw_droh/the-finger/IMG_6412.JPG,./test/skeleton_final_v2/the-finger/IMG_6412.npy,Left,./test/skeleton_raw/the-finger/IMG_6412.npy
the-finger,IMG_6413,test,./data/raw_droh/the-finger/IMG_6413.JPG,./test/skeleton_final_v2/the-finger/IMG_6413.npy,Left,./test/skeleton_raw/the-finger/IMG_6413.npy
the-finger,IMG_6414,test,./data/raw_droh/the-finger/IMG_6414.JPG,./test/skeleton_final_v2/the-finger/IMG_6414.npy,Left,./test/skeleton_raw/the-finger/IMG_6414.npy
the-finger,IMG_6416,test,./data/raw_droh/the-finger/IMG_6416.JPG,./test/skeleton_final_v2/the-finger/IMG_6416.npy,Left,./test/skeleton_raw/the-finger/IMG_6416.npy
the-finger,IMG_6451,test,./data/raw_droh/the-finger/IMG_6451.JPG,./test/skeleton_final_v2/the-finger/IMG_6451.npy,Left,./test/skeleton_raw/the-finger/IMG_6451.npy
the-finger,IMG_6486,test,./data/raw_droh/the-finger/IMG_6486.JPG,./test/skeleton_final_v2/the-finger/IMG_6486.npy,Right,./test/skeleton_raw/the-finger/IMG_6486.npy
the-finger,IMG_6491,test,./data/raw_droh/the-finger/IMG_6491.JPG,./test/skeleton_final_v2/the-finger/IMG_6491.npy,Right,./test/skeleton_raw/the-finger/IMG_6491.npy
the-finger,IMG_6528,test,./data/raw_droh/the-finger/IMG_6528.JPG,./test/skeleton_final_v2/the-finger/IMG_6528.npy,Left,./test/skeleton_raw/the-finger/IMG_6528.npy
the-finger,IMG_6529,test,./data/raw_droh/the-finger/IMG_6529.JPG,./test/skeleton_final_v2/the-finger/IMG_6529.npy,Left,./test/skeleton_raw/the-finger/IMG_6529.npy
the-finger,IMG_6530,test,./data/raw_droh/the-finger/IMG_6530.JPG,./test/skeleton_final_v2/the-finger/IMG_6530.npy,Left,./test/skeleton_raw/the-finger/IMG_6530.npy
the-finger,IMG_6531,test,./data/raw_droh/the-finger/IMG_6531.JPG,./test/skeleton_final_v2/the-finger/IMG_6531.npy,Left,./test/skeleton_raw/the-finger/IMG_6531.npy
the-finger,IMG_6566,test,./data/raw_droh/the-finger/IMG_6566.JPG,./test/skeleton_final_v2/the-finger/IMG_6566.npy,Left,./test/skeleton_raw/the-finger/IMG_6566.npy
the-finger,IMG_6567,test,./data/raw_droh/the-finger/IMG_6567.JPG,./test/skeleton_final_v2/the-finger/IMG_6567.npy,Left,./test/skeleton_raw/the-finger/IMG_6567.npy
the-finger,IMG_6568,test,./data/raw_droh/the-finger/IMG_6568.JPG,./test/skeleton_final_v2/the-finger/IMG_6568.npy,Left,./test/skeleton_raw/the-finger/IMG_6568.npy
the-finger,IMG_6638,test,./data/raw_droh/the-finger/IMG_6638.JPG,./test/skeleton_final_v2/the-finger/IMG_6638.npy,Left,./test/skeleton_raw/the-finger/IMG_6638.npy
the-finger,IMG_6640,test,./data/raw_droh/the-finger/IMG_6640.JPG,./test/skeleton_final_v2/the-finger/IMG_6640.npy,Left,./test/skeleton_raw/the-finger/IMG_6640.npy
the-finger,IMG_6677,test,./data/raw_droh/the-finger/IMG_6677.JPG,./test/skeleton_final_v2/the-finger/IMG_6677.npy,Left,./test/skeleton_raw/the-finger/IMG_6677.npy
the-finger,IMG_6678,test,./data/raw_droh/the-finger/IMG_6678.JPG,./test/skeleton_final_v2/the-finger/IMG_6678.npy,Left,./test/skeleton_raw/the-finger/IMG_6678.npy
the-finger,IMG_6715,test,./data/raw_droh/the-finger/IMG_6715.JPG,./test/skeleton_final_v2/the-finger/IMG_6715.npy,Left,./test/skeleton_raw/the-finger/IMG_6715.npy
the-finger,IMG_6718,test,./data/raw_droh/the-finger/IMG_6718.JPG,./test/skeleton_final_v2/the-finger/IMG_6718.npy,Left,./test/skeleton_raw/the-finger/IMG_6718.npy
the-finger,IMG_6719,test,./data/raw_droh/the-finger/IMG_6719.JPG,./test/skeleton_final_v2/the-finger/IMG_6719.npy,Right,./test/skeleton_raw/the-finger/IMG_6719.npy
the-finger,IMG_6752,test,./data/raw_droh/the-finger/IMG_6752.JPG,./test/skeleton_final_v2/the-finger/IMG_6752.npy,Right,./test/skeleton_raw/the-finger/IMG_6752.npy
the-finger,IMG_6754,test,./data/raw_droh/the-finger/IMG_6754.JPG,./test/skeleton_final_v2/the-finger/IMG_6754.npy,Right,./test/skeleton_raw/the-finger/IMG_6754.npy
the-finger,IMG_6787,test,./data/raw_droh/the-finger/IMG_6787.JPG,./test/skeleton_final_v2/the-finger/IMG_6787.npy,Right,./test/skeleton_raw/the-finger/IMG_6787.npy
the-finger,IMG_6817,test,./data/raw_droh/the-finger/IMG_6817.JPG,./test/skeleton_final_v2/the-finger/IMG_6817.npy,Left,./test/skeleton_raw/the-finger/IMG_6817.npy
the-finger,IMG_6819,test,./data/raw_droh/the-finger/IMG_6819.JPG,./test/skeleton_final_v2/the-finger/IMG_6819.npy,Left,./test/skeleton_raw/the-finger/IMG_6819.npy
the-finger,IMG_6820,test,./data/raw_droh/the-finger/IMG_6820.JPG,./test/skeleton_final_v2/the-finger/IMG_6820.npy,Left,./test/skeleton_raw/the-finger/IMG_6820.npy
the-finger,IMG_6847,test,./data/raw_droh/the-finger/IMG_6847.JPG,./test/skeleton_final_v2/the-finger/IMG_6847.npy,Right,./test/skeleton_raw/the-finger/IMG_6847.npy
the-finger,IMG_6850,test,./data/raw_droh/the-finger/IMG_6850.JPG,./test/skeleton_final_v2/the-finger/IMG_6850.npy,Right,./test/skeleton_raw/the-finger/IMG_6850.npy
the-finger,IMG_6884,test,./data/raw_droh/the-finger/IMG_6884.JPG,./test/skeleton_final_v2/the-finger/IMG_6884.npy,Left,./test/skeleton_raw/the-finger/IMG_6884.npy
the-finger,IMG_6885,test,./data/raw_droh/the-finger/IMG_6885.JPG,./test/skeleton_final_v2/the-finger/IMG_6885.npy,Right,./test/skeleton_raw/the-finger/IMG_6885.npy
the-finger,IMG_6919,test,./data/raw_droh/the-finger/IMG_6919.JPG,./test/skeleton_final_v2/the-finger/IMG_6919.npy,Left,./test/skeleton_raw/the-finger/IMG_6919.npy
the-finger,IMG_6920,test,./data/raw_droh/the-finger/IMG_6920.JPG,./test/skeleton_final_v2/the-finger/IMG_6920.npy,Left,./test/skeleton_raw/the-finger/IMG_6920.npy
the-finger,IMG_6922,test,./data/raw_droh/the-finger/IMG_6922.JPG,./test/skeleton_final_v2/the-finger/IMG_6922.npy,Left,./test/skeleton_raw/the-finger/IMG_6922.npy
the-finger,IMG_6949,test,./data/raw_droh/the-finger/IMG_6949.JPG,./test/skeleton_final_v2/the-finger/IMG_6949.npy,Left,./test/skeleton_raw/the-finger/IMG_6949.npy
the-finger,IMG_6979,test,./data/raw_droh/the-finger/IMG_6979.JPG,./test/skeleton_final_v2/the-finger/IMG_6979.npy,Left,./test/skeleton_raw/the-finger/IMG_6979.npy
the-finger,IMG_6980,test,./data/raw_droh/the-finger/IMG_6980.JPG,./test/skeleton_final_v2/the-finger/IMG_6980.npy,Left,./test/skeleton_raw/the-finger/IMG_6980.npy
the-finger,IMG_7050,test,./data/raw_droh/the-finger/IMG_7050.JPG,./test/skeleton_final_v2/the-finger/IMG_7050.npy,Right,./test/skeleton_raw/the-finger/IMG_7050.npy
the-finger,IMG_7051,test,./data/raw_droh/the-finger/IMG_7051.JPG,./test/skeleton_final_v2/the-finger/IMG_7051.npy,Right,./test/skeleton_raw/the-finger/IMG_7051.npy
the-finger,IMG_7052,test,./data/raw_droh/the-finger/IMG_7052.JPG,./test/skeleton_final_v2/the-finger/IMG_7052.npy,Right,./test/skeleton_raw/the-finger/IMG_7052.npy
the-finger,IMG_7053,test,./data/raw_droh/the-finger/IMG_7053.JPG,./test/skeleton_final_v2/the-finger/IMG_7053.npy,Right,./test/skeleton_raw/the-finger/IMG_7053.npy
the-finger,IMG_7083,test,./data/raw_droh/the-finger/IMG_7083.JPG,./test/skeleton_final_v2/the-finger/IMG_7083.npy,Right,./test/skeleton_raw/the-finger/IMG_7083.npy
the-finger,IMG_7084,test,./data/raw_droh/the-finger/IMG_7084.JPG,./test/skeleton_final_v2/the-finger/IMG_7084.npy,Right,./test/skeleton_raw/the-finger/IMG_7084.npy
the-finger,IMG_7273,test,./data/raw_droh/the-finger/IMG_7273.JPG,./test/skeleton_final_v2/the-finger/IMG_7273.npy,Left,./test/skeleton_raw/the-finger/IMG_7273.npy
the-finger,IMG_7300,test,./data/raw_droh/the-finger/IMG_7300.JPG,./test/skeleton_final_v2/the-finger/IMG_7300.npy,Left,./test/skeleton_raw/the-finger/IMG_7300.npy
the-finger,IMG_7334,test,./data/raw_droh/the-finger/IMG_7334.JPG,./test/skeleton_final_v2/the-finger/IMG_7334.npy,Left,./test/skeleton_raw/the-finger/IMG_7334.npy
the-finger,IMG_7335,test,./data/raw_droh/the-finger/IMG_7335.JPG,./test/skeleton_final_v2/the-finger/IMG_7335.npy,Left,./test/skeleton_raw/the-finger/IMG_7335.npy
the-finger,IMG_7365,test,./data/raw_droh/the-finger/IMG_7365.JPG,./test/skeleton_final_v2/the-finger/IMG_7365.npy,Left,./test/skeleton_raw/the-finger/IMG_7365.npy
the-finger,IMG_7366,test,./data/raw_droh/the-finger/IMG_7366.JPG,./test/skeleton_final_v2/the-finger/IMG_7366.npy,Left,./test/skeleton_raw/the-finger/IMG_7366.npy
the-finger,IMG_7397,test,./data/raw_droh/the-finger/IMG_7397.JPG,./test/skeleton_final_v2/the-finger/IMG_7397.npy,Right,./test/skeleton_raw/the-finger/IMG_7397.npy
the-finger,IMG_7401,test,./data/raw_droh/the-finger/IMG_7401.JPG,./test/skeleton_final_v2/the-finger/IMG_7401.npy,Right,./test/skeleton_raw/the-finger/IMG_7401.npy
the-finger,IMG_7429,test,./data/raw_droh/the-finger/IMG_7429.JPG,./test/skeleton_final_v2/the-finger/IMG_7429.npy,Right,./test/skeleton_raw/the-finger/IMG_7429.npy
the-finger,IMG_7430,test,./data/raw_droh/the-finger/IMG_7430.JPG,./test/skeleton_final_v2/the-finger/IMG_7430.npy,Right,./test/skeleton_raw/the-finger/IMG_7430.npy
the-finger,IMG_7461,test,./data/raw_droh/the-finger/IMG_7461.JPG,./test/skeleton_final_v2/the-finger/IMG_7461.npy,Left,./test/skeleton_raw/the-finger/IMG_7461.npy
the-finger,IMG_7462,test,./data/raw_droh/the-finger/IMG_7462.JPG,./test/skeleton_final_v2/the-finger/IMG_7462.npy,Left,./test/skeleton_raw/the-finger/IMG_7462.npy
the-finger,IMG_7465,test,./data/raw_droh/the-finger/IMG_7465.JPG,./test/skeleton_final_v2/the-finger/IMG_7465.npy,Right,./test/skeleton_raw/the-finger/IMG_7465.npy
the-finger,IMG_7498,test,./data/raw_droh/the-finger/IMG_7498.JPG,./test/skeleton_final_v2/the-finger/IMG_7498.npy,Right,./test/skeleton_raw/the-finger/IMG_7498.npy
the-finger,IMG_7530,test,./data/raw_droh/the-finger/IMG_7530.JPG,./test/skeleton_final_v2/the-finger/IMG_7530.npy,Right,./test/skeleton_raw/the-finger/IMG_7530.npy
the-finger,IMG_7563,test,./data/raw_droh/the-finger/IMG_7563.JPG,./test/skeleton_final_v2/the-finger/IMG_7563.npy,Left,./test/skeleton_raw/the-finger/IMG_7563.npy
the-finger,IMG_7564,test,./data/raw_droh/the-finger/IMG_7564.JPG,./test/skeleton_final_v2/the-finger/IMG_7564.npy,Left,./test/skeleton_raw/the-finger/IMG_7564.npy
the-finger,IMG_7565,test,./data/raw_droh/the-finger/IMG_7565.JPG,./test/skeleton_final_v2/the-finger/IMG_7565.npy,Left,./test/skeleton_raw/the-finger/IMG_7565.npy
the-finger,IMG_7594,test,./data/raw_droh/the-finger/IMG_7594.JPG,./test/skeleton_final_v2/the-finger/IMG_7594.npy,Left,./test/skeleton_raw/the-finger/IMG_7594.npy
the-finger,IMG_7629,test,./data/raw_droh/the-finger/IMG_7629.JPG,./test/skeleton_final_v2/the-finger/IMG_7629.npy,Left,./test/skeleton_raw/the-finger/IMG_7629.npy
the-finger,IMG_7634,test,./data/raw_droh/the-finger/IMG_7634.JPG,./test/skeleton_final_v2/the-finger/IMG_7634.npy,Left,./test/skeleton_raw/the-finger/IMG_7634.npy
the-finger,IMG_7672,test,./data/raw_droh/the-finger/IMG_7672.JPG,./test/skeleton_final_v2/the-finger/IMG_7672.npy,Left,./test/skeleton_raw/the-finger/IMG_7672.npy
the-finger,IMG_7703,test,./data/raw_droh/the-finger/IMG_7703.JPG,./test/skeleton_final_v2/the-finger/IMG_7703.npy,Right,./test/skeleton_raw/the-finger/IMG_7703.npy
the-finger,IMG_7704,test,./data/raw_droh/the-finger/IMG_7704.JPG,./test/skeleton_final_v2/the-finger/IMG_7704.npy,Right,./test/skeleton_raw/the-finger/IMG_7704.npy
the-finger,IMG_7705,test,./data/raw_droh/the-finger/IMG_7705.JPG,./test/skeleton_final_v2/the-finger/IMG_7705.npy,Right,./test/skeleton_raw/the-finger/IMG_7705.npy
the-finger,IMG_7706,test,./data/raw_droh/the-finger/IMG_7706.JPG,./test/skeleton_final_v2/the-finger/IMG_7706.npy,Right,./test/skeleton_raw/the-finger/IMG_7706.npy
the-finger,IMG_7734,test,./data/raw_droh/the-finger/IMG_7734.JPG,./test/skeleton_final_v2/the-finger/IMG_7734.npy,Right,./test/skeleton_raw/the-finger/IMG_7734.npy
the-finger,IMG_7765,test,./data/raw_droh/the-finger/IMG_7765.JPG,./test/skeleton_final_v2/the-finger/IMG_7765.npy,Left,./test/skeleton_raw/the-finger/IMG_7765.npy
the-finger,IMG_7766,test,./data/raw_droh/the-finger/IMG_7766.JPG,./test/skeleton_final_v2/the-finger/IMG_7766.npy,Left,./test/skeleton_raw/the-finger/IMG_7766.npy
the-finger,IMG_7768,test,./data/raw_droh/the-finger/IMG_7768.JPG,./test/skeleton_final_v2/the-finger/IMG_7768.npy,Left,./test/skeleton_raw/the-finger/IMG_7768.npy
the-finger,IMG_7797,test,./data/raw_droh/the-finger/IMG_7797.JPG,./test/skeleton_final_v2/the-finger/IMG_7797.npy,Left,./test/skeleton_raw/the-finger/IMG_7797.npy
the-finger,IMG_7798,test,./data/raw_droh/the-finger/IMG_7798.JPG,./test/skeleton_final_v2/the-finger/IMG_7798.npy,Left,./test/skeleton_raw/the-finger/IMG_7798.npy
the-finger,IMG_7799,test,./data/raw_droh/the-finger/IMG_7799.JPG,./test/skeleton_final_v2/the-finger/IMG_7799.npy,Left,./test/skeleton_raw/the-finger/IMG_7799.npy
the-finger,IMG_7800,test,./data/raw_droh/the-finger/IMG_7800.JPG,./test/skeleton_final_v2/the-finger/IMG_7800.npy,Left,./test/skeleton_raw/the-finger/IMG_7800.npy
the-finger,IMG_7868,test,./data/raw_droh/the-finger/IMG_7868.JPG,./test/skeleton_final_v2/the-finger/IMG_7868.npy,Left,./test/skeleton_raw/the-finger/IMG_7868.npy
the-finger,IMG_7870,test,./data/raw_droh/the-finger/IMG_7870.JPG,./test/skeleton_final_v2/the-finger/IMG_7870.npy,Left,./test/skeleton_raw/the-finger/IMG_7870.npy
the-finger,IMG_7871,test,./data/raw_droh/the-finger/IMG_7871.JPG,./test/skeleton_final_v2/the-finger/IMG_7871.npy,Left,./test/skeleton_raw/the-finger/IMG_7871.npy
the-finger,IMG_7904,test,./data/raw_droh/the-finger/IMG_7904.JPG,./test/skeleton_final_v2/the-finger/IMG_7904.npy,Left,./test/skeleton_raw/the-finger/IMG_7904.npy
the-finger,IMG_7905,test,./data/raw_droh/the-finger/IMG_7905.JPG,./test/skeleton_final_v2/the-finger/IMG_7905.npy,Left,./test/skeleton_raw/the-finger/IMG_7905.npy
the-finger,IMG_7934,test,./data/raw_droh/the-finger/IMG_7934.JPG,./test/skeleton_final_v2/the-finger/IMG_7934.npy,Left,./test/skeleton_raw/the-finger/IMG_7934.npy
the-finger,IMG_7935,test,./data/raw_droh/the-finger/IMG_7935.JPG,./test/skeleton_final_v2/the-finger/IMG_7935.npy,Left,./test/skeleton_raw/the-finger/IMG_7935.npy
the-finger,IMG_7963,test,./data/raw_droh/the-finger/IMG_7963.JPG,./test/skeleton_final_v2/the-finger/IMG_7963.npy,Left,./test/skeleton_raw/the-finger/IMG_7963.npy
the-finger,IMG_7966,test,./data/raw_droh/the-finger/IMG_7966.JPG,./test/skeleton_final_v2/the-finger/IMG_7966.npy,Left,./test/skeleton_raw/the-finger/IMG_7966.npy
the-finger,IMG_8026,test,./data/raw_droh/the-finger/IMG_8026.JPG,./test/skeleton_final_v2/the-finger/IMG_8026.npy,Left,./test/skeleton_raw/the-finger/IMG_8026.npy
the-finger,IMG_8027,test,./data/raw_droh/the-finger/IMG_8027.JPG,./test/skeleton_final_v2/the-finger/IMG_8027.npy,Left,./test/skeleton_raw/the-finger/IMG_8027.npy
the-finger,IMG_8030,test,./data/raw_droh/the-finger/IMG_8030.JPG,./test/skeleton_final_v2/the-finger/IMG_8030.npy,Left,./test/skeleton_raw/the-finger/IMG_8030.npy
the-finger,IMG_8059,test,./data/raw_droh/the-finger/IMG_8059.JPG,./test/skeleton_final_v2/the-finger/IMG_8059.npy,Left,./test/skeleton_raw/the-finger/IMG_8059.npy
the-finger,IMG_8092,test,./data/raw_droh/the-finger/IMG_8092.JPG,./test/skeleton_final_v2/the-finger/IMG_8092.npy,Left,./test/skeleton_raw/the-finger/IMG_8092.npy
the-finger,IMG_8095,test,./data/raw_droh/the-finger/IMG_8095.JPG,./test/skeleton_final_v2/the-finger/IMG_8095.npy,Left,./test/skeleton_raw/the-finger/IMG_8095.npy
the-finger,IMG_8122,test,./data/raw_droh/the-finger/IMG_8122.JPG,./test/skeleton_final_v2/the-finger/IMG_8122.npy,Left,./test/skeleton_raw/the-finger/IMG_8122.npy
the-finger,IMG_8162,test,./data/raw_droh/the-finger/IMG_8162.JPG,./test/skeleton_final_v2/the-finger/IMG_8162.npy,Right,./test/skeleton_raw/the-finger/IMG_8162.npy
the-finger,IMG_8192,test,./data/raw_droh/the-finger/IMG_8192.JPG,./test/skeleton_final_v2/the-finger/IMG_8192.npy,Left,./test/skeleton_raw/the-finger/IMG_8192.npy
thumbdown,IMG_6299,test,./data/raw_droh/thumbdown/IMG_6299.JPG,./test/skeleton_final_v2/thumbdown/IMG_6299.npy,Left,./test/skeleton_raw/thumbdown/IMG_6299.npy
thumbdown,IMG_6301,test,./data/raw_droh/thumbdown/IMG_6301.JPG,./test/skeleton_final_v2/thumbdown/IMG_6301.npy,Left,./test/skeleton_raw/thumbdown/IMG_6301.npy
thumbdown,IMG_6302,test,./data/raw_droh/thumbdown/IMG_6302.JPG,./test/skeleton_final_v2/thumbdown/IMG_6302.npy,Left,./test/skeleton_raw/thumbdown/IMG_6302.npy
thumbdown,IMG_6338,test,./data/raw_droh/thumbdown/IMG_6338.JPG,./test/skeleton_final_v2/thumbdown/IMG_6338.npy,Left,./test/skeleton_raw/thumbdown/IMG_6338.npy
thumbdown,IMG_6368,test,./data/raw_droh/thumbdown/IMG_6368.JPG,./test/skeleton_final_v2/thumbdown/IMG_6368.npy,Left,./test/skeleton_raw/thumbdown/IMG_6368.npy
thumbdown,IMG_6444,test,./data/raw_droh/thumbdown/IMG_6444.JPG,./test/skeleton_final_v2/thumbdown/IMG_6444.npy,Left,./test/skeleton_raw/thumbdown/IMG_6444.npy
thumbdown,IMG_6447,test,./data/raw_droh/thumbdown/IMG_6447.JPG,./test/skeleton_final_v2/thumbdown/IMG_6447.npy,Left,./test/skeleton_raw/thumbdown/IMG_6447.npy
thumbdown,IMG_6483,test,./data/raw_droh/thumbdown/IMG_6483.JPG,./test/skeleton_final_v2/thumbdown/IMG_6483.npy,Right,./test/skeleton_raw/thumbdown/IMG_6483.npy
thumbdown,IMG_6485,test,./data/raw_droh/thumbdown/IMG_6485.JPG,./test/skeleton_final_v2/thumbdown/IMG_6485.npy,Right,./test/skeleton_raw/thumbdown/IMG_6485.npy
thumbdown,IMG_6522,test,./data/raw_droh/thumbdown/IMG_6522.JPG,./test/skeleton_final_v2/thumbdown/IMG_6522.npy,Left,./test/skeleton_raw/thumbdown/IMG_6522.npy
thumbdown,IMG_6524,test,./data/raw_droh/thumbdown/IMG_6524.JPG,./test/skeleton_final_v2/thumbdown/IMG_6524.npy,Left,./test/skeleton_raw/thumbdown/IMG_6524.npy
thumbdown,IMG_6525,test,./data/raw_droh/thumbdown/IMG_6525.JPG,./test/skeleton_final_v2/thumbdown/IMG_6525.npy,Left,./test/skeleton_raw/thumbdown/IMG_6525.npy
thumbdown,IMG_6561,test,./data/raw_droh/thumbdown/IMG_6561.JPG,./test/skeleton_final_v2/thumbdown/IMG_6561.npy,Left,./test/skeleton_raw/thumbdown/IMG_6561.npy
thumbdown,IMG_6562,test,./data/raw_droh/thumbdown/IMG_6562.JPG,./test/skeleton_final_v2/thumbdown/IMG_6562.npy,Left,./test/skeleton_raw/thumbdown/IMG_6562.npy
thumbdown,IMG_6564,test,./data/raw_droh/thumbdown/IMG_6564.JPG,./test/skeleton_final_v2/thumbdown/IMG_6564.npy,Left,./test/skeleton_raw/thumbdown/IMG_6564.npy
thumbdown,IMG_6565,test,./data/raw_droh/thumbdown/IMG_6565.JPG,./test/skeleton_final_v2/thumbdown/IMG_6565.npy,Left,./test/skeleton_raw/thumbdown/IMG_6565.npy
thumbdown,IMG_6601,test,./data/raw_droh/thumbdown/IMG_6601.JPG,./test/skeleton_final_v2/thumbdown/IMG_6601.npy,Right,./test/skeleton_raw/thumbdown/IMG_6601.npy
thumbdown,IMG_6633,test,./data/raw_droh/thumbdown/IMG_6633.JPG,./test/skeleton_final_v2/thumbdown/IMG_6633.npy,Left,./test/skeleton_raw/thumbdown/IMG_6633.npy
thumbdown,IMG_6634,test,./data/raw_droh/thumbdown/IMG_6634.JPG,./test/skeleton_final_v2/thumbdown/IMG_6634.npy,Left,./test/skeleton_raw/thumbdown/IMG_6634.npy
thumbdown,IMG_6635,test,./data/raw_droh/thumbdown/IMG_6635.JPG,./test/skeleton_final_v2/thumbdown/IMG_6635.npy,Left,./test/skeleton_raw/thumbdown/IMG_6635.npy
thumbdown,IMG_6636,test,./data/raw_droh/thumbdown/IMG_6636.JPG,./test/skeleton_final_v2/thumbdown/IMG_6636.npy,Left,./test/skeleton_raw/thumbdown/IMG_6636.npy
thumbdown,IMG_6742,test,./data/raw_droh/thumbdown/IMG_6742.JPG,./test/skeleton_final_v2/thumbdown/IMG_6742.npy,Right,./test/skeleton_raw/thumbdown/IMG_6742.npy
thumbdown,IMG_6747,test,./data/raw_droh/thumbdown/IMG_6747.JPG,./test/skeleton_final_v2/thumbdown/IMG_6747.npy,Right,./test/skeleton_raw/thumbdown/IMG_6747.npy
thumbdown,IMG_6749,test,./data/raw_droh/thumbdown/IMG_6749.JPG,./test/skeleton_final_v2/thumbdown/IMG_6749.npy,Right,./test/skeleton_raw/thumbdown/IMG_6749.npy
thumbdown,IMG_6811,test,./data/raw_droh/thumbdown/IMG_6811.JPG,./test/skeleton_final_v2/thumbdown/IMG_6811.npy,Left,./test/skeleton_raw/thumbdown/IMG_6811.npy
thumbdown,IMG_6813,test,./data/raw_droh/thumbdown/IMG_6813.JPG,./test/skeleton_final_v2/thumbdown/IMG_6813.npy,Left,./test/skeleton_raw/thumbdown/IMG_6813.npy
thumbdown,IMG_6814,test,./data/raw_droh/thumbdown/IMG_6814.JPG,./test/skeleton_final_v2/thumbdown/IMG_6814.npy,Left,./test/skeleton_raw/thumbdown/IMG_6814.npy
thumbdown,IMG_6841,test,./data/raw_droh/thumbdown/IMG_6841.JPG,./test/skeleton_final_v2/thumbdown/IMG_6841.npy,Right,./test/skeleton_raw/thumbdown/IMG_6841.npy
thumbdown,IMG_6878,test,./data/raw_droh/thumbdown/IMG_6878.JPG,./test/skeleton_final_v2/thumbdown/IMG_6878.npy,Left,./test/skeleton_raw/thumbdown/IMG_6878.npy
thumbdown,IMG_6879,test,./data/raw_droh/thumbdown/IMG_6879.JPG,./test/skeleton_final_v2/thumbdown/IMG_6879.npy,Left,./test/skeleton_raw/thumbdown/IMG_6879.npy
thumbdown,IMG_6896,test,./data/raw_droh/thumbdown/IMG_6896.JPG,./test/skeleton_final_v2/thumbdown/IMG_6896.npy,Left,./test/skeleton_raw/thumbdown/IMG_6896.npy
thumbdown,IMG_6898,test,./data/raw_droh/thumbdown/IMG_6898.JPG,./test/skeleton_final_v2/thumbdown/IMG_6898.npy,Left,./test/skeleton_raw/thumbdown/IMG_6898.npy
thumbdown,IMG_6946,test,./data/raw_droh/thumbdown/IMG_6946.JPG,./test/skeleton_final_v2/thumbdown/IMG_6946.npy,Left,./test/skeleton_raw/thumbdown/IMG_6946.npy
thumbdown,IMG_6947,test,./data/raw_droh/thumbdown/IMG_6947.JPG,./test/skeleton_final_v2/thumbdown/IMG_6947.npy,Left,./test/skeleton_raw/thumbdown/IMG_6947.npy
thumbdown,IMG_6976,test,./data/raw_droh/thumbdown/IMG_6976.JPG,./test/skeleton_final_v2/thumbdown/IMG_6976.npy,Left,./test/skeleton_raw/thumbdown/IMG_6976.npy
thumbdown,IMG_7044,test,./data/raw_droh/thumbdown/IMG_7044.JPG,./test/skeleton_final_v2/thumbdown/IMG_7044.npy,Right,./test/skeleton_raw/thumbdown/IMG_7044.npy
thumbdown,IMG_7048,test,./data/raw_droh/thumbdown/IMG_7048.JPG,./test/skeleton_final_v2/thumbdown/IMG_7048.npy,Right,./test/skeleton_raw/thumbdown/IMG_7048.npy
thumbdown,IMG_7079,test,./data/raw_droh/thumbdown/IMG_7079.JPG,./test/skeleton_final_v2/thumbdown/IMG_7079.npy,Right,./test/skeleton_raw/thumbdown/IMG_7079.npy
thumbdown,IMG_7081,test,./data/raw_droh/thumbdown/IMG_7081.JPG,./test/skeleton_final_v2/thumbdown/IMG_7081.npy,Right,./test/skeleton_raw/thumbdown/IMG_7081.npy
thumbdown,IMG_7236,test,./data/raw_droh/thumbdown/IMG_7236.JPG,./test/skeleton_final_v2/thumbdown/IMG_7236.npy,Left,./test/skeleton_raw/thumbdown/IMG_7236.npy
thumbdown,IMG_7267,test,./data/raw_droh/thumbdown/IMG_7267.JPG,./test/skeleton_final_v2/thumbdown/IMG_7267.npy,Left,./test/skeleton_raw/thumbdown/IMG_7267.npy
thumbdown,IMG_7268,test,./data/raw_droh/thumbdown/IMG_7268.JPG,./test/skeleton_final_v2/thumbdown/IMG_7268.npy,Left,./test/skeleton_raw/thumbdown/IMG_7268.npy
thumbdown,IMG_7297,test,./data/raw_droh/thumbdown/IMG_7297.JPG,./test/skeleton_final_v2/thumbdown/IMG_7297.npy,Left,./test/skeleton_raw/thumbdown/IMG_7297.npy
thumbdown,IMG_7330,test,./data/raw_droh/thumbdown/IMG_7330.JPG,./test/skeleton_final_v2/thumbdown/IMG_7330.npy,Left,./test/skeleton_raw/thumbdown/IMG_7330.npy
thumbdown,IMG_7331,test,./data/raw_droh/thumbdown/IMG_7331.JPG,./test/skeleton_final_v2/thumbdown/IMG_7331.npy,Left,./test/skeleton_raw/thumbdown/IMG_7331.npy
thumbdown,IMG_7388,test,./data/raw_droh/thumbdown/IMG_7388.JPG,./test/skeleton_final_v2/thumbdown/IMG_7388.npy,Right,./test/skeleton_raw/thumbdown/IMG_7388.npy
thumbdown,IMG_7424,test,./data/raw_droh/thumbdown/IMG_7424.JPG,./test/skeleton_final_v2/thumbdown/IMG_7424.npy,Right,./test/skeleton_raw/thumbdown/IMG_7424.npy
thumbdown,IMG_7426,test,./data/raw_droh/thumbdown/IMG_7426.JPG,./test/skeleton_final_v2/thumbdown/IMG_7426.npy,Right,./test/skeleton_raw/thumbdown/IMG_7426.npy
thumbdown,IMG_7457,test,./data/raw_droh/thumbdown/IMG_7457.JPG,./test/skeleton_final_v2/thumbdown/IMG_7457.npy,Left,./test/skeleton_raw/thumbdown/IMG_7457.npy
thumbdown,IMG_7459,test,./data/raw_droh/thumbdown/IMG_7459.JPG,./test/skeleton_final_v2/thumbdown/IMG_7459.npy,Left,./test/skeleton_raw/thumbdown/IMG_7459.npy
thumbdown,IMG_7557,test,./data/raw_droh/thumbdown/IMG_7557.JPG,./test/skeleton_final_v2/thumbdown/IMG_7557.npy,Left,./test/skeleton_raw/thumbdown/IMG_7557.npy
thumbdown,IMG_7625,test,./data/raw_droh/thumbdown/IMG_7625.JPG,./test/skeleton_final_v2/thumbdown/IMG_7625.npy,Left,./test/skeleton_raw/thumbdown/IMG_7625.npy
thumbup,IMG_6293,test,./data/raw_droh/thumbup/IMG_6293.JPG,./test/skeleton_final_v2/thumbup/IMG_6293.npy,Left,./test/skeleton_raw/thumbup/IMG_6293.npy
thumbup,IMG_6295,test,./data/raw_droh/thumbup/IMG_6295.JPG,./test/skeleton_final_v2/thumbup/IMG_6295.npy,Left,./test/skeleton_raw/thumbup/IMG_6295.npy
thumbup,IMG_6331,test,./data/raw_droh/thumbup/IMG_6331.JPG,./test/skeleton_final_v2/thumbup/IMG_6331.npy,Left,./test/skeleton_raw/thumbup/IMG_6331.npy
thumbup,IMG_6332,test,./data/raw_droh/thumbup/IMG_6332.JPG,./test/skeleton_final_v2/thumbup/IMG_6332.npy,Left,./test/skeleton_raw/thumbup/IMG_6332.npy
thumbup,IMG_6334,test,./data/raw_droh/thumbup/IMG_6334.JPG,./test/skeleton_final_v2/thumbup/IMG_6334.npy,Left,./test/skeleton_raw/thumbup/IMG_6334.npy
thumbup,IMG_6374,test,./data/raw_droh/thumbup/IMG_6374.JPG,./test/skeleton_final_v2/thumbup/IMG_6374.npy,Left,./test/skeleton_raw/thumbup/IMG_6374.npy
thumbup,IMG_6375,test,./data/raw_droh/thumbup/IMG_6375.JPG,./test/skeleton_final_v2/thumbup/IMG_6375.npy,Left,./test/skeleton_raw/thumbup/IMG_6375.npy
thumbup,IMG_6402,test,./data/raw_droh/thumbup/IMG_6402.JPG,./test/skeleton_final_v2/thumbup/IMG_6402.npy,Left,./test/skeleton_raw/thumbup/IMG_6402.npy
thumbup,IMG_6403,test,./data/raw_droh/thumbup/IMG_6403.JPG,./test/skeleton_final_v2/thumbup/IMG_6403.npy,Left,./test/skeleton_raw/thumbup/IMG_6403.npy
thumbup,IMG_6438,test,./data/raw_droh/thumbup/IMG_6438.JPG,./test/skeleton_final_v2/thumbup/IMG_6438.npy,Left,./test/skeleton_raw/thumbup/IMG_6438.npy
thumbup,IMG_6477,test,./data/raw_droh/thumbup/IMG_6477.JPG,./test/skeleton_final_v2/thumbup/IMG_6477.npy,Right,./test/skeleton_raw/thumbup/IMG_6477.npy
thumbup,IMG_6479,test,./data/raw_droh/thumbup/IMG_6479.JPG,./test/skeleton_final_v2/thumbup/IMG_6479.npy,Right,./test/skeleton_raw/thumbup/IMG_6479.npy
thumbup,IMG_6480,test,./data/raw_droh/thumbup/IMG_6480.JPG,./test/skeleton_final_v2/thumbup/IMG_6480.npy,Right,./test/skeleton_raw/thumbup/IMG_6480.npy
thumbup,IMG_6521,test,./data/raw_droh/thumbup/IMG_6521.JPG,./test/skeleton_final_v2/thumbup/IMG_6521.npy,Left,./test/skeleton_raw/thumbup/IMG_6521.npy
thumbup,IMG_6537,test,./data/raw_droh/thumbup/IMG_6537.JPG,./test/skeleton_final_v2/thumbup/IMG_6537.npy,Left,./test/skeleton_raw/thumbup/IMG_6537.npy
thumbup,IMG_6557,test,./data/raw_droh/thumbup/IMG_6557.JPG,./test/skeleton_final_v2/thumbup/IMG_6557.npy,Left,./test/skeleton_raw/thumbup/IMG_6557.npy
thumbup,IMG_6558,test,./data/raw_droh/thumbup/IMG_6558.JPG,./test/skeleton_final_v2/thumbup/IMG_6558.npy,Left,./test/skeleton_raw/thumbup/IMG_6558.npy
thumbup,IMG_6596,test,./data/raw_droh/thumbup/IMG_6596.JPG,./test/skeleton_final_v2/thumbup/IMG_6596.npy,Left,./test/skeleton_raw/thumbup/IMG_6596.npy
thumbup,IMG_6663,test,./data/raw_droh/thumbup/IMG_6663.JPG,./test/skeleton_final_v2/thumbup/IMG_6663.npy,Left,./test/skeleton_raw/thumbup/IMG_6663.npy
thumbup,IMG_6664,test,./data/raw_droh/thumbup/IMG_6664.JPG,./test/skeleton_final_v2/thumbup/IMG_6664.npy,Left,./test/skeleton_raw/thumbup/IMG_6664.npy
thumbup,IMG_6667,test,./data/raw_droh/thumbup/IMG_6667.JPG,./test/skeleton_final_v2/thumbup/IMG_6667.npy,Left,./test/skeleton_raw/thumbup/IMG_6667.npy
thumbup,IMG_6682,test,./data/raw_droh/thumbup/IMG_6682.JPG,./test/skeleton_final_v2/thumbup/IMG_6682.npy,Left,./test/skeleton_raw/thumbup/IMG_6682.npy
thumbup,IMG_6686,test,./data/raw_droh/thumbup/IMG_6686.JPG,./test/skeleton_final_v2/thumbup/IMG_6686.npy,Left,./test/skeleton_raw/thumbup/IMG_6686.npy
thumbup,IMG_6688,test,./data/raw_droh/thumbup/IMG_6688.JPG,./test/skeleton_final_v2/thumbup/IMG_6688.npy,Left,./test/skeleton_raw/thumbup/IMG_6688.npy
thumbup,IMG_6689,test,./data/raw_droh/thumbup/IMG_6689.JPG,./test/skeleton_final_v2/thumbup/IMG_6689.npy,Left,./test/skeleton_raw/thumbup/IMG_6689.npy
thumbup,IMG_6745,test,./data/raw_droh/thumbup/IMG_6745.JPG,./test/skeleton_final_v2/thumbup/IMG_6745.npy,Right,./test/skeleton_raw/thumbup/IMG_6745.npy
thumbup,IMG_6776,test,./data/raw_droh/thumbup/IMG_6776.JPG,./test/skeleton_final_v2/thumbup/IMG_6776.npy,Right,./test/skeleton_raw/thumbup/IMG_6776.npy
thumbup,IMG_6809,test,./data/raw_droh/thumbup/IMG_6809.JPG,./test/skeleton_final_v2/thumbup/IMG_6809.npy,Left,./test/skeleton_raw/thumbup/IMG_6809.npy
thumbup,IMG_6810,test,./data/raw_droh/thumbup/IMG_6810.JPG,./test/skeleton_final_v2/thumbup/IMG_6810.npy,Left,./test/skeleton_raw/thumbup/IMG_6810.npy
thumbup,IMG_6840,test,./data/raw_droh/thumbup/IMG_6840.JPG,./test/skeleton_final_v2/thumbup/IMG_6840.npy,Right,./test/skeleton_raw/thumbup/IMG_6840.npy
thumbup,IMG_6875,test,./data/raw_droh/thumbup/IMG_6875.JPG,./test/skeleton_final_v2/thumbup/IMG_6875.npy,Left,./test/skeleton_raw/thumbup/IMG_6875.npy
thumbup,IMG_6886,test,./data/raw_droh/thumbup/IMG_6886.JPG,./test/skeleton_final_v2/thumbup/IMG_6886.npy,Left,./test/skeleton_raw/thumbup/IMG_6886.npy
thumbup,IMG_6887,test,./data/raw_droh/thumbup/IMG_6887.JPG,./test/skeleton_final_v2/thumbup/IMG_6887.npy,Left,./test/skeleton_raw/thumbup/IMG_6887.npy
thumbup,IMG_6889,test,./data/raw_droh/thumbup/IMG_6889.JPG,./test/skeleton_final_v2/thumbup/IMG_6889.npy,Left,./test/skeleton_raw/thumbup/IMG_6889.npy
thumbup,IMG_6941,test,./data/raw_droh/thumbup/IMG_6941.JPG,./test/skeleton_final_v2/thumbup/IMG_6941.npy,Left,./test/skeleton_raw/thumbup/IMG_6941.npy
thumbup,IMG_6943,test,./data/raw_droh/thumbup/IMG_6943.JPG,./test/skeleton_final_v2/thumbup/IMG_6943.npy,Left,./test/skeleton_raw/thumbup/IMG_6943.npy
thumbup,IMG_6971,test,./data/raw_droh/thumbup/IMG_6971.JPG,./test/skeleton_final_v2/thumbup/IMG_6971.npy,Left,./test/skeleton_raw/thumbup/IMG_6971.npy
thumbup,IMG_7005,test,./data/raw_droh/thumbup/IMG_7005.JPG,./test/skeleton_final_v2/thumbup/IMG_7005.npy,Left,./test/skeleton_raw/thumbup/IMG_7005.npy
thumbup,IMG_7006,test,./data/raw_droh/thumbup/IMG_7006.JPG,./test/skeleton_final_v2/thumbup/IMG_7006.npy,Left,./test/skeleton_raw/thumbup/IMG_7006.npy
thumbup,IMG_7008,test,./data/raw_droh/thumbup/IMG_7008.JPG,./test/skeleton_final_v2/thumbup/IMG_7008.npy,Left,./test/skeleton_raw/thumbup/IMG_7008.npy
thumbup,IMG_7039,test,./data/raw_droh/thumbup/IMG_7039.JPG,./test/skeleton_final_v2/thumbup/IMG_7039.npy,Right,./test/skeleton_raw/thumbup/IMG_7039.npy
thumbup,IMG_7041,test,./data/raw_droh/thumbup/IMG_7041.JPG,./test/skeleton_final_v2/thumbup/IMG_7041.npy,Right,./test/skeleton_raw/thumbup/IMG_7041.npy
thumbup,IMG_7042,test,./data/raw_droh/thumbup/IMG_7042.JPG,./test/skeleton_final_v2/thumbup/IMG_7042.npy,Right,./test/skeleton_raw/thumbup/IMG_7042.npy
thumbup,IMG_7074,test,./data/raw_droh/thumbup/IMG_7074.JPG,./test/skeleton_final_v2/thumbup/IMG_7074.npy,Right,./test/skeleton_raw/thumbup/IMG_7074.npy
thumbup,IMG_7263,test,./data/raw_droh/thumbup/IMG_7263.JPG,./test/skeleton_final_v2/thumbup/IMG_7263.npy,Left,./test/skeleton_raw/thumbup/IMG_7263.npy
thumbup,IMG_7326,test,./data/raw_droh/thumbup/IMG_7326.JPG,./test/skeleton_final_v2/thumbup/IMG_7326.npy,Left,./test/skeleton_raw/thumbup/IMG_7326.npy
thumbup,IMG_7361,test,./data/raw_droh/thumbup/IMG_7361.JPG,./test/skeleton_final_v2/thumbup/IMG_7361.npy,Left,./test/skeleton_raw/thumbup/IMG_7361.npy
thumbup,IMG_7384,test,./data/raw_droh/thumbup/IMG_7384.JPG,./test/skeleton_final_v2/thumbup/IMG_7384.npy,Right,./test/skeleton_raw/thumbup/IMG_7384.npy
thumbup,IMG_7453,test,./data/raw_droh/thumbup/IMG_7453.JPG,./test/skeleton_final_v2/thumbup/IMG_7453.npy,Left,./test/skeleton_raw/thumbup/IMG_7453.npy
thumbup,IMG_7487,test,./data/raw_droh/thumbup/IMG_7487.JPG,./test/skeleton_final_v2/thumbup/IMG_7487.npy,Right,./test/skeleton_raw/thumbup/IMG_7487.npy
thumbup,IMG_7556,test,./data/raw_droh/thumbup/IMG_7556.JPG,./test/skeleton_final_v2/thumbup/IMG_7556.npy,Left,./test/skeleton_raw/thumbup/IMG_7556.npy
thumbup,IMG_7621,test,./data/raw_droh/thumbup/IMG_7621.JPG,./test/skeleton_final_v2/thumbup/IMG_7621.npy,Left,./test/skeleton_raw/thumbup/IMG_7621.npy
thumbup,IMG_7622,test,./data/raw_droh/thumbup/IMG_7622.JPG,./test/skeleton_final_v2/thumbup/IMG_7622.npy,Left,./test/skeleton_raw/thumbup/IMG_7622.npy
thumbup,IMG_7623,test,./data/raw_droh/thumbup/IMG_7623.JPG,./test/skeleton_final_v2/thumbup/IMG_7623.npy,Left,./test/skeleton_raw/thumbup/IMG_7623.npy
thumbup,IMG_7727,test,./data/raw_droh/thumbup/IMG_7727.JPG,./test/skeleton_final_v2/thumbup/IMG_7727.npy,Right,./test/skeleton_raw/thumbup/IMG_7727.npy
thumbup,IMG_7760,test,./data/raw_droh/thumbup/IMG_7760.JPG,./test/skeleton_final_v2/thumbup/IMG_7760.npy,Left,./test/skeleton_raw/thumbup/IMG_7760.npy
thumbup,IMG_7787,test,./data/raw_droh/thumbup/IMG_7787.JPG,./test/skeleton_final_v2/thumbup/IMG_7787.npy,Left,./test/skeleton_raw/thumbup/IMG_7787.npy
thumbup,IMG_7788,test,./data/raw_droh/thumbup/IMG_7788.JPG,./test/skeleton_final_v2/thumbup/IMG_7788.npy,Left,./test/skeleton_raw/thumbup/IMG_7788.npy
thumbup,IMG_7789,test,./data/raw_droh/thumbup/IMG_7789.JPG,./test/skeleton_final_v2/thumbup/IMG_7789.npy,Left,./test/skeleton_raw/thumbup/IMG_7789.npy
thumbup,IMG_7790,test,./data/raw_droh/thumbup/IMG_7790.JPG,./test/skeleton_final_v2/thumbup/IMG_7790.npy,Left,./test/skeleton_raw/thumbup/IMG_7790.npy
thumbup,IMG_7860,test,./data/raw_droh/thumbup/IMG_7860.JPG,./test/skeleton_final_v2/thumbup/IMG_7860.npy,Left,./test/skeleton_raw/thumbup/IMG_7860.npy
thumbup,IMG_7894,test,./data/raw_droh/thumbup/IMG_7894.JPG,./test/skeleton_final_v2/thumbup/IMG_7894.npy,Left,./test/skeleton_raw/thumbup/IMG_7894.npy
thumbup,IMG_8020,test,./data/raw_droh/thumbup/IMG_8020.JPG,./test/skeleton_final_v2/thumbup/IMG_8020.npy,Left,./test/skeleton_raw/thumbup/IMG_8020.npy
thumbup,IMG_8113,test,./data/raw_droh/thumbup/IMG_8113.JPG,./test/skeleton_final_v2/thumbup/IMG_8113.npy,Left,./test/skeleton_raw/thumbup/IMG_8113.npy
thumbup,IMG_8117,test,./data/raw_droh/thumbup/IMG_8117.JPG,./test/skeleton_final_v2/thumbup/IMG_8117.npy,Left,./test/skeleton_raw/thumbup/IMG_8117.npy
thumbup,IMG_8145,test,./data/raw_droh/thumbup/IMG_8145.JPG,./test/skeleton_final_v2/thumbup/IMG_8145.npy,Right,./test/skeleton_raw/thumbup/IMG_8145.npy
thumbup,IMG_8146,test,./data/raw_droh/thumbup/IMG_8146.JPG,./test/skeleton_final_v2/thumbup/IMG_8146.npy,Right,./test/skeleton_raw/thumbup/IMG_8146.npy
thumbup,IMG_8148,test,./data/raw_droh/thumbup/IMG_8148.JPG,./test/skeleton_final_v2/thumbup/IMG_8148.npy,Right,./test/skeleton_raw/thumbup/IMG_8148.npy
thumbup,IMG_8181,test,./data/raw_droh/thumbup/IMG_8181.JPG,./test/skeleton_final_v2/thumbup/IMG_8181.npy,Left,./test/skeleton_raw/thumbup/IMG_8181.npy
thumbup,IMG_8183,test,./data/raw_droh/thumbup/IMG_8183.JPG,./test/skeleton_final_v2/thumbup/IMG_8183.npy,Left,./test/skeleton_raw/thumbup/IMG_8183.npy
